-- phpMyAdmin SQL Dump
-- version 4.7.4
-- https://www.phpmyadmin.net/
--
-- Servidor: 127.0.0.1
-- Tiempo de generación: 03-07-2020 a las 00:35:12
-- Versión del servidor: 10.1.28-MariaDB
-- Versión de PHP: 7.1.11

SET SQL_MODE = "NO_AUTO_VALUE_ON_ZERO";
SET AUTOCOMMIT = 0;
START TRANSACTION;
SET time_zone = "+00:00";


/*!40101 SET @OLD_CHARACTER_SET_CLIENT=@@CHARACTER_SET_CLIENT */;
/*!40101 SET @OLD_CHARACTER_SET_RESULTS=@@CHARACTER_SET_RESULTS */;
/*!40101 SET @OLD_COLLATION_CONNECTION=@@COLLATION_CONNECTION */;
/*!40101 SET NAMES utf8mb4 */;

--
-- Base de datos: `tienda`
--

-- --------------------------------------------------------

--
-- Estructura de tabla para la tabla `tblcomentarios`
--

CREATE TABLE `tblcomentarios` (
  `id_comentario` int(11) NOT NULL,
  `nombre` varchar(100) NOT NULL,
  `correo` varchar(100) NOT NULL,
  `mensaje` varchar(256) NOT NULL
) ENGINE=InnoDB DEFAULT CHARSET=latin1;

--
-- Volcado de datos para la tabla `tblcomentarios`
--

INSERT INTO `tblcomentarios` (`id_comentario`, `nombre`, `correo`, `mensaje`) VALUES
(1, 'Diego', 'thediego9807@gmail.com', 'Tremedo servicio Excelente,recomendado 100%'),
(2, '2', '2', '2'),
(3, 's', 's', 's'),
(4, 'Jose', 'jose@hotmail.com', 'prueba'),
(5, 'jose', 'jose@hotmail.com', 's'),
(6, 'jose', 'jose@hotmail.com', 's'),
(7, '2', '2@hotmail.com', '2'),
(8, '', '', 'probando'),
(9, '', '', 'testing');

-- --------------------------------------------------------

--
-- Estructura de tabla para la tabla `tbldetalleventa`
--

CREATE TABLE `tbldetalleventa` (
  `ID` int(255) NOT NULL,
  `IDVENTA` int(255) NOT NULL,
  `IDPRODUCTO` int(255) NOT NULL,
  `PRECIOUNITARIO` decimal(20,2) NOT NULL,
  `CANTIDAD` int(11) NOT NULL,
  `DESCARGADO` int(1) NOT NULL
) ENGINE=InnoDB DEFAULT CHARSET=latin1;

--
-- Volcado de datos para la tabla `tbldetalleventa`
--

INSERT INTO `tbldetalleventa` (`ID`, `IDVENTA`, `IDPRODUCTO`, `PRECIOUNITARIO`, `CANTIDAD`, `DESCARGADO`) VALUES
(12, 18, 1, '300.00', 1, 0),
(13, 18, 2, '429.00', 1, 0),
(14, 19, 1, '300.00', 1, 0),
(15, 19, 2, '429.00', 1, 0),
(16, 19, 3, '123.00', 1, 0),
(17, 20, 1, '300.00', 1, 0),
(18, 21, 1, '300.00', 1, 0),
(19, 22, 1, '300.00', 1, 0),
(20, 23, 1, '300.00', 1, 0),
(21, 24, 1, '300.00', 1, 0),
(22, 25, 1, '300.00', 1, 0),
(23, 26, 1, '300.00', 1, 0),
(24, 27, 1, '300.00', 1, 0),
(25, 28, 1, '300.00', 1, 0),
(26, 29, 1, '300.00', 1, 0),
(27, 30, 1, '300.00', 1, 0),
(28, 31, 1, '300.00', 1, 0),
(29, 32, 1, '300.00', 1, 0),
(30, 33, 1, '300.00', 1, 0),
(31, 34, 1, '300.00', 1, 0),
(32, 35, 1, '300.00', 1, 0),
(33, 36, 1, '300.00', 1, 0),
(34, 37, 1, '300.00', 1, 0),
(35, 38, 1, '300.00', 1, 0),
(36, 39, 1, '300.00', 1, 0),
(37, 40, 1, '300.00', 1, 0),
(38, 41, 1, '300.00', 1, 0),
(39, 42, 1, '300.00', 1, 0),
(40, 43, 1, '300.00', 1, 0),
(41, 43, 2, '429.00', 1, 0),
(42, 43, 3, '123.00', 1, 0),
(43, 44, 1, '300.00', 1, 0),
(44, 44, 2, '429.00', 1, 0),
(45, 44, 3, '123.00', 1, 0),
(46, 45, 1, '300.00', 1, 0),
(47, 45, 2, '429.00', 1, 0),
(48, 45, 3, '123.00', 1, 0),
(49, 46, 1, '300.00', 1, 0),
(50, 46, 2, '429.00', 1, 0),
(51, 46, 3, '123.00', 1, 0),
(52, 47, 3, '123.00', 1, 0),
(53, 47, 2, '429.00', 1, 0),
(54, 47, 1, '300.00', 1, 0),
(55, 48, 3, '123.00', 1, 0),
(56, 48, 2, '429.00', 1, 0),
(57, 48, 1, '300.00', 1, 0),
(58, 49, 1, '300.00', 1, 0),
(59, 49, 2, '429.00', 1, 0),
(60, 50, 1, '300.00', 1, 0),
(61, 50, 2, '429.00', 1, 0),
(62, 51, 1, '300.00', 1, 0),
(63, 51, 2, '429.00', 1, 0),
(64, 51, 3, '123.00', 1, 0),
(65, 52, 1, '300.00', 1, 0),
(66, 52, 2, '429.00', 1, 0),
(67, 52, 3, '123.00', 1, 0),
(68, 53, 1, '300.00', 1, 0),
(69, 53, 2, '429.00', 1, 0),
(70, 53, 3, '123.00', 1, 0),
(71, 54, 1, '300.00', 1, 0),
(72, 54, 2, '429.00', 1, 0),
(73, 54, 3, '123.00', 1, 0),
(74, 55, 1, '300.00', 1, 0),
(75, 55, 2, '429.00', 1, 0),
(76, 55, 3, '123.00', 1, 0),
(77, 56, 1, '300.00', 1, 0),
(78, 56, 2, '429.00', 1, 0),
(79, 56, 3, '123.00', 1, 0),
(80, 57, 1, '300.00', 1, 0),
(81, 57, 2, '429.00', 1, 0),
(82, 57, 3, '123.00', 1, 0),
(83, 58, 1, '300.00', 1, 0),
(84, 58, 2, '429.00', 1, 0),
(85, 58, 3, '123.00', 1, 0),
(86, 59, 1, '300.00', 1, 0),
(87, 59, 2, '429.00', 1, 0),
(88, 59, 3, '1000.00', 1, 0),
(89, 59, 4, '300.00', 1, 0),
(90, 59, 5, '850.00', 1, 0),
(91, 60, 1, '300.00', 1, 0),
(92, 60, 2, '429.00', 1, 0),
(93, 60, 3, '1000.00', 1, 0),
(94, 60, 4, '300.00', 1, 0),
(95, 60, 5, '850.00', 1, 0),
(96, 60, 8, '150.00', 1, 0),
(97, 61, 1, '300.00', 1, 0),
(98, 61, 2, '429.00', 1, 0),
(99, 61, 3, '1000.00', 1, 0),
(100, 61, 4, '300.00', 1, 0),
(101, 61, 5, '850.00', 1, 0),
(102, 61, 8, '150.00', 1, 0),
(103, 62, 1, '300.00', 1, 0),
(104, 62, 2, '429.00', 1, 0),
(105, 63, 3, '1000.00', 1, 0),
(106, 64, 1, '300.00', 1, 0),
(107, 64, 2, '429.00', 1, 0),
(108, 64, 3, '1000.00', 1, 0),
(109, 65, 1, '300.00', 1, 0),
(110, 65, 2, '429.00', 1, 0),
(111, 65, 3, '1000.00', 1, 0),
(116, 66, 1, '300.00', 1, 0),
(117, 66, 2, '429.00', 1, 0),
(118, 66, 3, '1000.00', 1, 0),
(119, 66, 4, '300.00', 1, 0),
(120, 67, 1, '300.00', 1, 0),
(121, 67, 2, '429.00', 1, 0),
(122, 67, 3, '1000.00', 1, 0),
(123, 67, 4, '300.00', 1, 0),
(124, 68, 1, '300.00', 1, 0),
(125, 68, 2, '429.00', 1, 0),
(126, 68, 3, '1000.00', 1, 0),
(127, 68, 4, '300.00', 1, 0),
(128, 68, 12, '80.00', 1, 0),
(129, 69, 1, '300.00', 1, 0),
(130, 69, 2, '429.00', 1, 0),
(131, 69, 3, '1000.00', 1, 0),
(132, 69, 4, '300.00', 1, 0),
(133, 69, 12, '80.00', 1, 0),
(134, 70, 1, '300.00', 1, 0),
(135, 70, 2, '429.00', 1, 0),
(136, 70, 3, '1000.00', 1, 0),
(137, 70, 4, '300.00', 1, 0),
(138, 70, 12, '80.00', 1, 0),
(139, 71, 1, '300.00', 1, 0),
(140, 71, 2, '429.00', 1, 0),
(141, 71, 3, '1000.00', 1, 0),
(142, 71, 4, '300.00', 1, 0),
(143, 71, 12, '80.00', 1, 0),
(144, 72, 1, '300.00', 1, 0),
(145, 72, 2, '429.00', 1, 0),
(146, 72, 3, '1000.00', 1, 0),
(147, 72, 4, '300.00', 1, 0),
(148, 72, 12, '80.00', 1, 0),
(149, 73, 1, '300.00', 1, 0),
(150, 73, 2, '429.00', 1, 0),
(151, 73, 3, '1000.00', 1, 0),
(152, 73, 4, '300.00', 1, 0),
(153, 73, 12, '80.00', 1, 0),
(154, 74, 1, '300.00', 1, 0),
(155, 74, 2, '429.00', 1, 0),
(156, 74, 3, '1000.00', 1, 0),
(157, 74, 4, '300.00', 1, 0),
(158, 74, 12, '80.00', 1, 0),
(159, 75, 1, '300.00', 1, 0),
(160, 75, 2, '429.00', 1, 0),
(161, 75, 3, '1000.00', 1, 0),
(162, 75, 4, '300.00', 1, 0),
(163, 75, 12, '80.00', 1, 0),
(164, 76, 1, '300.00', 1, 0),
(165, 76, 2, '429.00', 1, 0),
(166, 76, 3, '1000.00', 1, 0),
(167, 76, 4, '300.00', 1, 0),
(168, 76, 12, '80.00', 1, 0),
(169, 77, 1, '300.00', 1, 0),
(170, 77, 2, '429.00', 1, 0),
(171, 77, 3, '1000.00', 1, 0),
(172, 77, 4, '300.00', 1, 0),
(173, 77, 12, '80.00', 1, 0),
(174, 78, 1, '300.00', 1, 0),
(175, 78, 2, '429.00', 1, 0),
(176, 78, 3, '1000.00', 1, 0),
(177, 78, 4, '300.00', 1, 0),
(178, 78, 12, '80.00', 1, 0),
(179, 79, 1, '300.00', 1, 0),
(180, 79, 2, '429.00', 1, 0),
(181, 79, 3, '1000.00', 1, 0),
(182, 79, 4, '300.00', 1, 0),
(183, 79, 12, '80.00', 1, 0),
(184, 80, 1, '300.00', 1, 0),
(185, 80, 2, '429.00', 1, 0),
(186, 80, 3, '1000.00', 1, 0),
(187, 80, 4, '300.00', 1, 0),
(188, 80, 12, '80.00', 1, 0),
(189, 81, 1, '300.00', 1, 0),
(190, 81, 2, '429.00', 1, 0),
(191, 81, 3, '1000.00', 1, 0),
(192, 81, 4, '300.00', 1, 0),
(193, 81, 12, '80.00', 1, 0),
(194, 82, 1, '300.00', 1, 0),
(195, 82, 2, '429.00', 1, 0),
(196, 82, 3, '1000.00', 1, 0),
(197, 82, 4, '300.00', 1, 0),
(198, 82, 12, '80.00', 1, 0),
(199, 83, 1, '300.00', 1, 0),
(200, 83, 2, '429.00', 1, 0),
(201, 83, 3, '1000.00', 1, 0),
(202, 83, 4, '300.00', 1, 0),
(203, 83, 12, '80.00', 1, 0),
(204, 84, 1, '300.00', 1, 0),
(205, 84, 2, '429.00', 1, 0),
(206, 84, 3, '1000.00', 1, 0),
(207, 84, 4, '300.00', 1, 0),
(208, 84, 12, '80.00', 1, 0),
(209, 85, 1, '300.00', 1, 0),
(210, 85, 2, '429.00', 1, 0),
(211, 85, 3, '1000.00', 1, 0),
(212, 85, 4, '300.00', 1, 0),
(213, 85, 12, '80.00', 1, 0),
(214, 86, 1, '300.00', 1, 0),
(215, 86, 2, '429.00', 1, 0),
(216, 86, 3, '1000.00', 1, 0),
(217, 86, 4, '300.00', 1, 0),
(218, 86, 12, '80.00', 1, 0),
(219, 87, 1, '300.00', 1, 0),
(220, 87, 2, '429.00', 1, 0),
(221, 87, 3, '1000.00', 1, 0),
(222, 87, 4, '300.00', 1, 0),
(223, 87, 12, '80.00', 1, 0),
(224, 88, 1, '300.00', 1, 0),
(225, 88, 2, '429.00', 1, 0),
(226, 88, 3, '1000.00', 1, 0),
(227, 88, 4, '300.00', 1, 0),
(228, 88, 12, '80.00', 1, 0),
(229, 89, 1, '300.00', 1, 0),
(230, 89, 2, '429.00', 1, 0),
(231, 89, 3, '1000.00', 1, 0),
(232, 89, 4, '300.00', 1, 0),
(233, 89, 12, '80.00', 1, 0),
(234, 90, 1, '300.00', 1, 0),
(235, 90, 2, '429.00', 1, 0),
(236, 90, 3, '1000.00', 1, 0),
(237, 90, 4, '300.00', 1, 0),
(238, 90, 12, '80.00', 1, 0),
(239, 91, 1, '300.00', 1, 0),
(240, 91, 2, '429.00', 1, 0),
(241, 91, 3, '1000.00', 1, 0),
(242, 91, 4, '300.00', 1, 0),
(243, 91, 12, '80.00', 1, 0),
(244, 92, 1, '300.00', 1, 0),
(245, 92, 2, '429.00', 1, 0),
(246, 92, 3, '1000.00', 1, 0),
(247, 92, 4, '300.00', 1, 0),
(248, 92, 12, '80.00', 1, 0),
(249, 93, 1, '300.00', 1, 0),
(250, 93, 2, '429.00', 1, 0),
(251, 93, 3, '1000.00', 1, 0),
(252, 93, 4, '300.00', 1, 0),
(253, 93, 12, '80.00', 1, 0),
(254, 94, 1, '300.00', 1, 0),
(255, 95, 1, '300.00', 1, 0),
(256, 96, 1, '300.00', 1, 0),
(257, 97, 1, '300.00', 1, 0),
(258, 98, 1, '300.00', 1, 0),
(259, 99, 1, '300.00', 1, 0),
(260, 100, 1, '300.00', 1, 0),
(261, 101, 1, '300.00', 1, 0),
(262, 101, 2, '429.00', 1, 0),
(263, 101, 6, '800.00', 1, 0),
(264, 102, 1, '300.00', 1, 0),
(265, 102, 2, '429.00', 1, 0),
(266, 102, 6, '800.00', 1, 0),
(267, 103, 1, '300.00', 1, 0),
(268, 103, 2, '429.00', 1, 0),
(269, 103, 6, '800.00', 1, 0),
(270, 104, 1, '300.00', 1, 0),
(271, 104, 2, '429.00', 1, 0),
(272, 104, 6, '800.00', 1, 0),
(273, 105, 1, '300.00', 1, 0),
(274, 105, 2, '429.00', 1, 0),
(275, 105, 6, '800.00', 1, 0),
(276, 106, 1, '300.00', 1, 0),
(277, 106, 2, '429.00', 1, 0),
(278, 106, 6, '800.00', 1, 0),
(318, 107, 1, '300.00', 1, 0),
(319, 107, 2, '429.00', 1, 0),
(320, 107, 6, '800.00', 1, 0),
(321, 107, 4, '300.00', 1, 0),
(322, 108, 1, '300.00', 1, 0),
(323, 108, 2, '429.00', 1, 0),
(324, 108, 6, '800.00', 1, 0),
(325, 108, 4, '300.00', 1, 0),
(326, 109, 1, '300.00', 1, 0),
(327, 109, 2, '429.00', 1, 0),
(328, 109, 6, '800.00', 1, 0),
(329, 109, 4, '300.00', 1, 0),
(330, 110, 1, '300.00', 1, 0),
(331, 110, 2, '429.00', 1, 0),
(332, 110, 6, '800.00', 1, 0),
(333, 110, 4, '300.00', 1, 0),
(334, 111, 1, '300.00', 1, 0),
(335, 111, 2, '429.00', 1, 0),
(336, 111, 6, '800.00', 1, 0),
(337, 111, 4, '300.00', 1, 0),
(338, 112, 1, '300.00', 1, 0),
(339, 112, 2, '429.00', 1, 0),
(340, 112, 6, '800.00', 1, 0),
(341, 112, 4, '300.00', 1, 0),
(342, 112, 9, '350.00', 1, 0),
(343, 113, 1, '300.00', 1, 0),
(344, 113, 2, '429.00', 1, 0),
(345, 113, 6, '800.00', 1, 0),
(346, 113, 4, '300.00', 1, 0),
(347, 113, 9, '350.00', 1, 0),
(348, 114, 3, '1000.00', 1, 0),
(349, 115, 5, '20.00', 2, 0),
(350, 115, 13, '600.00', 2, 0),
(351, 116, 12, '80.00', 2, 0),
(352, 116, 14, '70.00', 1, 0),
(353, 117, 12, '80.00', 1, 0),
(354, 118, 12, '80.00', 1, 0),
(355, 118, 14, '70.00', 1, 0),
(356, 119, 12, '80.00', 1, 0),
(357, 119, 14, '70.00', 1, 0),
(358, 120, 12, '80.00', 1, 0),
(359, 120, 14, '70.00', 1, 0),
(360, 121, 12, '80.00', 1, 0),
(361, 121, 14, '70.00', 1, 0),
(362, 122, 12, '80.00', 1, 0),
(363, 122, 14, '70.00', 1, 0),
(364, 123, 12, '80.00', 1, 0),
(365, 123, 14, '70.00', 1, 0),
(366, 124, 12, '80.00', 1, 0),
(367, 124, 14, '70.00', 1, 0),
(368, 125, 12, '80.00', 1, 0),
(369, 125, 14, '70.00', 1, 0),
(370, 126, 12, '80.00', 1, 0),
(371, 126, 14, '70.00', 1, 0),
(372, 127, 12, '80.00', 1, 0),
(373, 127, 14, '70.00', 1, 0),
(374, 128, 12, '80.00', 1, 0),
(375, 128, 14, '70.00', 1, 0),
(376, 129, 12, '80.00', 1, 0),
(377, 129, 14, '70.00', 1, 0),
(378, 130, 12, '80.00', 1, 0),
(379, 130, 14, '70.00', 1, 0),
(380, 131, 12, '80.00', 1, 0),
(381, 131, 14, '70.00', 1, 0),
(382, 132, 12, '80.00', 2, 0),
(383, 132, 14, '70.00', 2, 0),
(384, 133, 12, '80.00', 2, 0),
(385, 133, 14, '70.00', 2, 0),
(386, 134, 168, '20.00', 1, 0),
(387, 135, 8, '150.00', 1, 0),
(388, 136, 180, '10.00', 1, 0),
(389, 137, 180, '10.00', 1, 0),
(390, 138, 215, '40.00', 1, 0),
(391, 139, 7, '10.00', 1, 0),
(392, 140, 7, '10.00', 1, 0),
(393, 141, 7, '10.00', 1, 0),
(394, 141, 4, '50.00', 1, 0),
(395, 142, 7, '10.00', 1, 0),
(396, 142, 4, '50.00', 1, 0),
(397, 142, 6, '50.00', 1, 0),
(398, 142, 11, '50.00', 1, 0),
(399, 142, 9, '100.00', 1, 0),
(400, 142, 65, '30.00', 1, 0),
(401, 142, 63, '50.00', 1, 0),
(402, 142, 67, '50.00', 1, 0),
(403, 142, 66, '40.00', 1, 0),
(404, 142, 69, '100.00', 1, 0),
(405, 143, 7, '10.00', 1, 0),
(406, 143, 4, '50.00', 1, 0),
(407, 143, 6, '50.00', 1, 0),
(408, 143, 11, '50.00', 1, 0),
(409, 143, 9, '100.00', 1, 0),
(410, 143, 65, '30.00', 1, 0),
(411, 143, 63, '50.00', 1, 0),
(412, 143, 67, '50.00', 1, 0),
(413, 143, 66, '40.00', 1, 0),
(414, 143, 69, '100.00', 1, 0),
(415, 144, 10, '350.00', 1, 0),
(416, 145, 10, '350.00', 1, 0),
(417, 146, 10, '350.00', 1, 0);

-- --------------------------------------------------------

--
-- Estructura de tabla para la tabla `tblproductos`
--

CREATE TABLE `tblproductos` (
  `ID` int(11) NOT NULL,
  `nombre` varchar(255) NOT NULL,
  `precio` decimal(20,0) NOT NULL,
  `descripcion` text NOT NULL,
  `imagen` varchar(255) NOT NULL,
  `categoria` varchar(266) NOT NULL,
  `cantidad` int(255) NOT NULL
) ENGINE=InnoDB DEFAULT CHARSET=latin1;

--
-- Volcado de datos para la tabla `tblproductos`
--

INSERT INTO `tblproductos` (`ID`, `nombre`, `precio`, `descripcion`, `imagen`, `categoria`, `cantidad`) VALUES
(1, 'Amortiguador TurboGas', '300', 'Amortiguador marca Turbo Gas, Incluye:\r\n\r\n-Base y Muelle.\r\n-Juego de Tornillos y tuercas.\r\n-Brazo Amortiguador.', 'img\\cart_img\\amortiguador.jpg', 'otros', 50),
(2, 'Rin VHUL 18\'', '55', 'Rin VHUL 18\' de Aluminio Templado con pintura termica color Gris.', 'img\\cart_img\\rines.jpg', 'rines', 20),
(3, 'Radiador Chevrolet Optra', '100', 'Radiador Chevrolet Optra 2.5lts L4', 'img\\cart_img\\radiador_optra.jpg', 'enfriamiento', 10),
(4, 'Bomba de agua Chevrolet Optra Limited.', '50', 'Bomba de agua Chevrolet Optra Limited.', 'img\\cart_img\\bomba_optra.jpg', 'enfriamiento', 29),
(5, 'Bomba de Frenos Neon 2.0.', '20', 'Bomba de Frenos Neon 2.0 1995/1997 Con sistema ABS marca Wagner.', 'img\\cart_img\\bomba_frenos_neon.jpg', 'frenos', 15),
(6, 'Cigueñal Ford Fiesta VI.', '50', 'Cigueñal Ford Fiesta VI 1.6', 'img\\cart_img\\cigueñal_ford_fiesta.jpg', 'motores', 10),
(7, 'Rolinera de Cigueñal Ford Ranger', '10', 'Rolinera de Cigueñal Ford Ranger todos los Modelos', 'img\\cart_img\\Rolinera_ford_ranger.jpg', 'motores', 29),
(8, 'Bateria Duncan 43MR-850', '150', '', 'img\\cart_img\\bateria-duncan.jpg', 'otros', 99),
(9, 'Bomba de aceite para Aveo GM.', '100', 'Bomba de Aceite para Aveo y Optra Design, Advance, Original marca GeneralMotors', 'img\\cart_img\\bomba_aceite_aveo.jpg', 'motores', 9),
(10, 'Kit de Embrague Chevrolet Spark.', '350', 'Kit de Embrague Chevrolet Spark Motor 1000C', 'img\\cart_img\\kit_spark.jpg', 'transmision', 9),
(11, 'Alternador para Daewoo Matiz', '50', '', 'img\\cart_img\\alternador_matiz.jpg', 'motores', 10),
(12, 'Caucho Firestone', '80', 'Neumático Firestone 245/70R16 A/T.', 'img\\cart_img\\firestone.jpg', 'cauchos', 44),
(13, 'Kit Frenos de Ceramica EVOLUTION.', '600', 'Kit de frenos de alto rendimiento con pinzas de freno Power Stop.', 'img\\cart_img\\kit_frenos.jpg', 'frenos', 23),
(14, 'Caucho ROYAL.', '70', 'Neumático 195/65R15 91V marca ROYAL BLACK.', 'img\\cart_img\\royal.jpg', 'cauchos', 43),
(15, 'Rin de Competencia R15.', '50', 'Rin 15x6.5 4-100/114.3 PRW Mod: P137 ET35 CB73.1.', 'img\\cart_img\\rines2.jpg', 'rines', 25),
(16, 'Caja Transmision Chevrolet.', '250', 'Caja Transmision Chevrolet 4160 Turbo700.', 'img\\cart_img\\transmision_chevrolet.jpg', 'transmision', 14),
(17, 'Neumático Off-Road Rin 18', '100', 'Llanta Off-Road de alto rendimiento Ideal para terrenos arenosos.', 'img\\cart_img\\off.jpg', 'cauchos', 50),
(18, 'Declan Brady\'s.', '50', '195/45R15.', 'img\\cart_img\\llanta4.jpg', 'cauchos', 50),
(19, 'Surya Tyre.', '35', '175/60R14.', 'img\\cart_img\\llanta5.jpg', 'cauchos', 50),
(20, 'Chinesse IoCTec Tyre.', '40', '165/65R13.', 'img\\cart_img\\llanta6.jpg', 'cauchos', 50),
(21, 'UHP.', '80', '245/40/R18.', 'img\\cart_img\\llanta7.jpg', 'cauchos', 50),
(22, 'Hindustan.', '50', '205/45R16.', 'img\\cart_img\\llanta8.jpg', 'cauchos', 50),
(23, 'Genuine Land.', '95', '265/30ZR19.', 'img\\cart_img\\llanta9.jpg', 'cauchos', 50),
(24, 'YokoHama GreoLand MT+.', '200', 'Tipo de Llanta Especial para el Lodo 265/30/R18.', 'img\\cart_img\\llanta10.jpg', 'cauchos', 30),
(25, 'Firestone Destination M.', '231', 'Caucho de alto Perfomance y Durabilidad a prueba de terrenos extremos, 205/45R16	.\r\n', 'img\\cart_img\\llanta11.jpg', 'cauchos', 100),
(26, 'Firestone Destination AT2.', '185', 'The Destination AT2 es una llanta diseñado con las caracteristicas A/T2 Sport permitiendo una durabilidad y calidad del producto inmejorable. P245/60R18 104T.', 'img\\cart_img\\llanta12.jpg', 'cauchos', 100),
(27, 'Firestone WeatherGrip.', '100', 'Neumáticos de Turismo para Toda las Estaciones.', 'img\\cart_img\\llanta13.jpg', 'cauchos', 50),
(28, 'Bridgestone Turanza.', '38', 'El Turanza Serenety PLus es un neumático para sedanes de lujo,el cual ofrece un rendimiento sólido en condiciones Humedas y Secas.', 'img\\cart_img\\llanta14.jpg', 'cauchos', 50),
(29, 'Bridgestone Potenza.', '45', 'Neumáticos Versatiles y Ergonomicos para vehiculos Sedanes Estandares. 195/70R14', 'img\\cart_img\\llanta15.jpg', 'cauchos', 60),
(30, 'Bridgestone Blizzak.', '150', 'Bridgestone Blizzak WS80 ayuda a Conquistar la nieve y el hielo con tracción confiable en climas Invernales. 195/70/R14', 'img\\cart_img\\llanta16.jpg', 'cauchos', 25),
(31, 'Bridgestone DriveGuard.', '120', 'Bridgestone DriveGuard RFT 205/55/R16', 'img\\cart_img\\llanta17.jpg', 'cauchos', 50),
(32, 'Bridgestone QuietTrack.', '100', 'Bridgestone Turanza QuietTrack 195/65/R15', 'img\\cart_img\\llanta18.jpg', 'cauchos', 100),
(33, 'Bridgestone Basic Tire.', '35', '155/80/R13', 'img\\cart_img\\llanta19.jpg', 'cauchos', 100),
(34, 'Bridgestone Tubeless.', '35', '155/80/R13', 'img\\cart_img\\llanta20.jpg', 'cauchos', 100),
(35, 'Goodyear DP-A1', '50', '175/65/R14', 'img\\cart_img\\llanta21.jpg', 'cauchos', 100),
(36, 'Goodyear DP-C1', '52', '165/65/R14', 'img\\cart_img\\llanta22.jpg', 'cauchos', 100),
(37, 'Toyo Proxes R888.', '65', 'Neumático de Alto Rendimiento para Temperaturas altas. 225/50/R15', 'img\\cart_img\\llanta23.jpg', 'cauchos', 100),
(38, 'Toyo Track Racing.', '150', 'Neumático de Competicion y Tracking de alta Duracion, ideal para temperatura de pista altas, duracion promedio 25 Vueltas. 205/55R15', 'img\\cart_img\\llanta24.jpg', 'cauchos', 25),
(39, 'Pirelli S-ATR.', '125', '275/65/R17 P 115T.', 'img/cart_img/llanta25.jpg', 'cauchos', 80),
(40, 'Pirelli Cinturato.', '55', '255/60/R15 CN12.', 'img\\cart_img\\llanta26.jpg', 'cauchos', 100),
(41, 'Michelin WXW.', '40', '205/55/R14.', 'img\\cart_img\\llanta27.jpg', 'cauchos', 100),
(42, 'Michelin Radial Classic.', '50', '205/70/R14', 'img\\cart_img\\llanta28.jpg', 'cauchos', 100),
(43, 'Michelin XWX 90W.', '60', 'Michelin WXW 215/70/R15.', 'img\\cart_img\\llanta29.jpg', 'cauchos', 100),
(44, 'Pirelli P600.', '80', 'Pirelli P600 235/60/R15 98W.', 'img\\cart_img\\llanta30.jpg', 'cauchos', 100),
(45, 'Continental CrossContact RX.', '114', 'Continental CrossContact Rx es clasificado como un tipo de Neumático Premium, lo cual significa que provee una tecnologia moderna y un maximo desempeño. 215/30/R17 96H.', 'img\\cart_img\\llanta31.jpg', 'cauchos', 50),
(46, 'Continental ExtremeContact.', '105', 'Continental Extreme Contact DWS06 All - Season radial. 245/45Z/R18 10Y.', 'img\\cart_img\\llanta32.jpg', 'cauchos', 50),
(47, 'BFGOODRICH ALL TERRAIN.', '150', 'Neumático todo Terreno BFGOODRICH ALL TERRAIN T/A K02,285/70/R17.', 'img\\cart_img\\llanta33.jpg', 'cauchos', 30),
(48, 'Firestone All Station.', '35', 'Neumático para toda estacion. 205/70/15.', 'img\\cart_img\\llanta34.png', 'cauchos', 50),
(49, 'BFGoodRich Advantage.', '106', '265/70/R16.', 'img\\cart_img\\llanta34.png', 'cauchos', 100),
(50, 'BfGoodRich Touring.', '40', 'BfGoodrich Touring T/A Tr4/Sr4. P185/70/R13.', 'img\\cart_img\\llanta35.jpg', 'cauchos', 50),
(51, 'BfGoodRich Advantage T/A.', '35', 'BfGoodrich Advantage T/A Drive Standar, 175/70/R13', 'img\\cart_img\\llanta36.jpg', 'cauchos', 100),
(52, 'BFGoodrich Advantage T/A', '60', 'Bf Goodrich Advantage T/A 225/65/R16 100T', 'img\\cart_img\\llanta37.jpg', 'cauchos', 50),
(53, 'BfGoodRich Advantage Drive.', '50', '195/50/R15 82V.', 'img\\cart_img\\llanta38.jpg', 'cauchos', 100),
(54, 'BfGoodRich G-Grip.', '45', 'Bf GoodRich G_Grip 185/60/R14.', 'img\\cart_img\\llanta39.jpg', 'cauchos', 100),
(55, 'Alkosto Sportiva.', '37', 'Sportiva 185/65/R14.', 'img\\cart_img\\llanta40.jpg', 'cauchos', 200),
(56, 'Pirelli P400 EVO', '40', 'Neumático PIRALLI P400 185/60/R14.', 'img\\cart_img\\llanta41.jpg', 'cauchos', 50),
(57, 'GoodYear Assurance.', '55', 'Llanta que ofrece mayor kilometraje y mayor adherencia en superficies mojadas a través de su tecnología y diseño Exclusivo. 185/65/R15.', 'img\\cart_img\\llanta42.jpg', 'cauchos', 50),
(58, 'Hankook K712.', '30', '155/80/r12.', 'img\\cart_img\\llanta43.jpg', 'cauchos', 30),
(59, 'Kenex CP661.', '50', 'Neumático chino. 195/55/R15.', 'img\\cart_img\\llanta44.jpg', 'cauchos', 200),
(60, 'Kenex CP661.', '40', 'Neumático Chino. 185/60/R14.', 'img\\cart_img\\llanta45.jpg', 'cauchos', 130),
(61, 'Hankook H308.', '107', '215/60/R17.', 'img\\cart_img\\llanta46.jpg', 'cauchos', 100),
(62, 'Firestone Seiberling 500.', '40', '195/75/R14', 'img\\cart_img\\llanta47.jpg', 'cauchos', 50),
(63, 'Piston GM Chevrolet Corsa.', '50', 'Piston Corsa 1.6 Std.', 'img/cart_img/motor5.jpg', 'motores', 19),
(64, 'Block Motor Corsa 1.6 8v.', '150', 'Block de Motor Corsa 1.6 8v Chevrolet GM 100% Original', 'img/cart_img/motor6.jpg', 'motores', 10),
(65, 'Empacadura Camara GM Aveo.', '30', 'Empacadura Camara GM Aveo 1.6 L 2 ovalos.', 'img/cart_img/motor7.jpg', 'motores', 19),
(66, 'Empacadura CAvalier Z24', '40', 'Empacadura para Cavalier Americano z24.', 'img/cart_img/motor8.jpg', 'motores', 9),
(67, 'Carburador Ford 300.', '50', 'Kit Completo Carburador Ford 300.', 'img/cart_img/motor9.jpg', 'motores', 14),
(68, 'Arbol de Levas Dodge Charger.', '150', 'Arbol de Levas para Dodge Charger 2012 Sohc 5.7l.', 'img/cart_img/motor10.jpg', 'motores', 5),
(69, 'Cigueñal Chevrolet Optra Limited.', '100', 'Cigueñal reforzado para Chevrolet Optra Limited GM.', 'img/cart_img/motor11.jpg', 'motores', 19),
(70, 'Estopera Delantera Centauro 1.8.', '20', 'Estopera Delantera Cigueñal Centauro 1.8.', 'img/cart_img/motor12.jpg', 'motores', 30),
(71, 'Sensor de Posición Chevrolet Aveo.', '50', 'GM Chevrolet Aveo Sensor.', 'img/cart_img/motor13.jpg', 'motores', 10),
(72, 'ECU Toyota Yaris 1.3.', '150', 'Unidad de Control del Motor Toyota Yaris 1.3 marca DENSO.', 'img/cart_img/motor14.jpg', 'motores', 0),
(73, 'Motor 302 Ford Racing.', '500', 'Motor Ford 302 v8 de alto Rendimiento para Competición Ford Racing Perfomace. Incluye Block de Aluminio Reforzado,Pistones de Competición,Arbol de Levas Reforzados,Colector de Aire Ford Racing Series, Carburador 4 Bocas Brawling.', 'img/cart_img/motor15.jpg', 'motores', 3),
(74, 'Distribuidor Toyota Corolla 2016.', '80', 'Distribuidor Toyota Corolla 2016 TRD.', 'img/cart_img/motor16.jpg', 'motores', 15),
(75, 'Bujias dodge Dakota 3.7.', '60', 'Pack de 6 Bujias Dodge Dakota 3.7. 2007/2008/2009/2010/2011/2012.', 'img/cart_img/motor17.jpg', 'motores', 20),
(76, 'Bomba Aceite Dodge.', '85', 'Bomba de aceite funcional en modelos Dodge 4.7,3.7 V8 Durango y Ram 1500 Dakota 3.7.', 'img/cart_img/motor34.jpg', 'motores', 20),
(77, 'Motor Chevrolet EcoTec 1.4.', '420', 'GM Chevrolet Ecotec 1.4 Astra de Serie Con todos los componentes incluidos y estandarizados por General Motors Company.', 'img/cart_img/motor18.jpg', 'motores', 15),
(78, 'Motor VTEC Honda S2000.', '650', 'VTEC Honda Technologies Engine S200, Estandarizado con todos sus componentes por Honda.', 'img/cart_img/motor19.jpg', 'motores', 3),
(79, 'Correa de Altarnador Toyota Starlet.', '10', '', 'img/cart_img/motor20.jpg', 'motores', 50),
(80, 'Block Dodge 5.2 318.', '695', 'Short Block Engine Dodge 5.2 318.', 'img/cart_img/motor21.jpg', 'motores', 5),
(81, 'Block Mustang 5.0L 302.', '500', 'Short Block Mustang 5.0L 302, 1979-95.', 'img/cart_img/motor22.jpg', 'motores', 6),
(82, 'Tapa De Compresion Ford Fusion 3.0.', '250', '', 'img/cart_img/motor23.jpg', 'motores', 5),
(83, 'Martillos Motor Spark.', '40', '', 'img/cart_img/motor24.jpg', 'motores', 20),
(84, 'Biela Chevrolet Astra.', '25', '', 'img/cart_img/motor25.png', 'motores', 20),
(85, 'Motor Dodge inline v6.', '450', 'Motor Dodge 225 v6 en linea con colector de aire de carreras,carburador 2 bocas.', 'img/cart_img/motor26.jpg', 'motores', 3),
(86, 'Empacadura Chery Orinoco', '25', 'Empacadura Camara Cheri Orinoco 1.8L Metal.', 'img/cart_img/motor27.jpg', 'motores', 10),
(87, 'Empacadura Chevrolet Tracker.', '150', 'juego de empacaduras Chevrolet Tracker 2.0 16v.', 'img/cart_img/motor28.jpg', 'motores', 10),
(88, 'Manifold Mitsubishi Evo 4-9.', '200', 'Manifold tubular para Mitsubishi Evolution 4 al 9.', 'img/cart_img/motor29.jpg', 'motores', 20),
(89, 'Filtro de Aceite Toyota Corolla.', '30', 'Filtor de aceite original funcional para Toyota Corolla, Yaris y Starlet.', 'img/cart_img/motor30.jpg', 'motores', 35),
(90, 'Bomba de Agua Ford Fiesta Power.', '50', 'Bomba de Agua Ford Fiesta Power,funcional tambien para Move,Max,Eco Sport 1.6L.', 'img/cart_img/motor31.jpg', 'motores', 10),
(91, 'Inyector Silverado 5.3.', '25', 'inyector GM para Silverado 5.3, funcional tambien para motor 6.0.', 'img/cart_img/motor32.jpg', 'motores', 20),
(92, 'Valvula VW Polo 1.6 Turbo.', '10', 'Juego de Valvulas (6) para VW Polo 1.6 Turbo.', 'img/cart_img/motor33.jpg', 'motores', 25),
(93, 'Bomba de Aceite Grand Cherokee.', '100', 'Bomba de Aceite Jeep, Compatible tambien con modelos Commander, Ram Dakota v8 4.7L.', 'img/cart_img/motor35.jpg', 'motores', 10),
(94, 'Alternador GM Chevrolet.', '50', 'Altarnador compatible con los modelos Chevrolet Malibu,Nova,Caprice.', 'img/cart_img/motor36.jpg', 'motores', 15),
(95, 'Carter Chevrolet Century.', '100', 'Cartor de motor Chevrolet Century 3100.', 'img/cart_img/motor37.jpg', 'motores', 10),
(96, 'Empacadura Carter Chevrolet.', '50', 'Empacadura Carter Motor Chevrolet Spark.', 'img/cart_img/motor38.jpg', 'motores', 10),
(97, 'Cárter Chevrolet Optra Design.', '100', 'Funcional para modelos Optra Design 1.8 y Aveo 1.6.', 'img/cart_img/motor39.jpg', 'motores', 5),
(98, 'Bomba de Aceite Honda Civic.', '60', 'Bomba de aceite para honda Civic: 2006/2007/2008/2009/2010/2011.', 'img/cart_img/motor40.jpg', 'motores', 20),
(99, 'Carburador Chevrolet Chevette.', '60', 'Carburador Chevette Weber 2 bocas para Sincronico y Automatico', 'img/cart_img/motor41.jpg', 'motores', 5),
(100, 'Distribuidor Chrysler.', '80', 'Distribuidor Chrysler 318 V8,compatible con motores HEMI.', 'img/cart_img/motor42.png', 'motores', 3),
(101, 'Motor Duratec V6 3.7.', '650', 'Motor Nuevo Duratec v6 3.7 para Ford Mustang 2011.', 'img/cart_img/motor43.jpg', 'motores', 3),
(102, 'Arbol de Levas Mitsubishi.', '50', 'Arbol de Levas Mitsubishi L300.', 'img/cart_img/motor44.jpg', 'motores', 10),
(103, 'Sensor Arbod Leva Fiat Palio.', '45', 'Sensor para el arbol de leva fiat palio.', 'img/cart_img/motor45.jpg', 'motores', 15),
(104, 'Collarion Ford EcoSport.', '60', 'Collarin para Ford EcoSport 4x2.', 'img/cart_img/motor46.jpg', 'motores', 20),
(105, 'Bomba de Agua Jeep Grand Cherokee', '40', '', 'img/cart_img/motor47.jpg', 'motores', 10),
(106, 'Kit de Tiempo Optra.', '45', 'Kit de Tiempo para Optra Design, Advance,Limited 1.8 tapa Amarilla', 'img/cart_img/motor48.jpg', 'motores', 20),
(107, 'Liquido Refrigerante Prestone.', '25', 'Liquido refrigerante y Anticongelante 50/50 marca Prestone.', 'img/cart_img/enfriamiento3.jpg', 'enfriamineto', 50),
(108, 'Liquido Limpiador Vistony.', '25', 'La solución para mantenter limpio el sistema de enfriamiento de tu motor,protección total a los sistemas de refrigeracion convencionales de cobre.', 'img/cart_img/enfriamiento4.jpg', 'enfriamiento', 50),
(109, 'Refrigerante Vistony.', '30', 'Liquido Refrigerante Vistony Coolant AntiFreeze Triple Accion: Refrigerante, Anticongelante y Antioxidante. ', 'img/cart_img/enfriamiento5.jpg', 'enfriamiento', 30),
(110, 'Refrigerante Genuine.', '30', '', 'img/cart_img/enfriamiento6.jpg', 'enfriamiento', 20),
(111, 'Radiador Chevrolet C10.', '80', 'Radiador de serie para Chevrolet C10.', 'img/cart_img/enfriamiento7.jpg', 'enfriamiento', 5),
(112, 'Radiador Ford Explorer 2006.', '5', '', 'img/cart_img/enfriamiento8.jpg', 'enfriamiento', 5),
(113, 'Tapa Radiador Chrysler 300.', '10', '', 'img/cart_img/enfriamiento9.jpg', 'enfriamiento', 10),
(114, 'Tapa radiador Dodge Dakota 2003.', '10', '', 'img/cart_img/enfriamiento10.jpg', 'enfriamiento', 5),
(115, 'Colector de Agua Ford Fiesta.', '15', 'Colector de Agua Ford Fiesta 2004.', 'img/cart_img/enfriamiento11.jpg', 'enfriamiento', 10),
(116, 'Colector de agua Ford Transit.', '20', 'Colector de agua para Fordt Transit mk7 2006/2014.', 'img/cart_img/enfriamiento12.jpg', 'enfriamiento', 5),
(117, 'Radiador Chevrolet Aveo.', '50', '', 'img/cart_img/enfriamiento5.jpg', 'enfriamiento', 5),
(118, 'Kit Toma de Agua Ford KA.', '30', 'Termostato y Toma de Agua para Ford KA, Compatible para Ford Fiesta 99-03,ALuminio', 'img/cart_img/enfriamiento13.jpg', 'enfriamiento', 5),
(119, 'Kit Termostato y toma de Agua Ford EcoSport.', '45', 'Termostato y toma de agua Ford EcoESport,Compatible con Ford Fiesta,Fordt Ka,Ford Focus,Zetec Rocam 1.6 y 1.0.', 'img/cart_img/enfriamiento14.jpg', 'enfriamiento', 5),
(120, 'Turbo PowerStroke.', '500', 'Turbo Cargador 6.0 PowerStroke Etapa 2.', 'img/cart_img/enfriamiento15.jpg', 'enfriamiento', 48),
(121, 'Kit SuperCargador Dodge Ram 5.7', '650', 'Supercargador para Dodge Ram 5.7 (2013 - 2018)', 'img/cart_img/enfriamiento16.jpg', 'enfriamiento', 10),
(122, 'SuperCargador Ford Mustang 2.9L.', '600', 'Supercargador para Ford Mustang 2011-2014 2.9L.', 'img/cart_img/enfriamiento17.jpg', 'enfriamiento', 5),
(123, 'Toyota Tundra SuperCharger.', '400', 'Supercargador Toyota Tundra 5.7L V8.', 'img/cart_img/enfriamiento18.jpg', 'enfriamiento', 10),
(124, 'Bomba de agua Dodge Caliber.', '50', 'Bomba de agua para Dodge Caliber 2007 - 2012 2.4L', 'img/cart_img/enfriamiento19.jpg', 'enfriamiento', 15),
(125, 'Liquido Refrigerante AR-10.', '15', 'Liquido refrigerante para absorber el exceso de calor del motor.', 'img/cart_img/enfriamiento20.png', 'enfriamiento', 30),
(126, 'Tubo Colector de Agua Chevrolet Corsa.', '10', 'Tubo colector de flujo de agua,chevrolet Corsa 16v', 'img/cart_img/enfriamiento21.jpg', 'enfriamiento', 10),
(127, 'Tanque de Agua Chevrolet Cruze.', '10', 'Deposito de Tanque de agua o Refrigerante para Chevrolet Cruze con tapa.', 'img/cart_img/enfriamiento22.jpg', 'enfriamiento', 10),
(128, 'Radiador Ford.', '50', 'Radiador compatible para Ford Fairmont, Ford Granada, Ford LTD, Ford Mustang.', 'img/cart_img/enfriamiento23.jpg', 'enfriamiento', 20),
(129, 'Manguera Radiador Ford.', '5', 'Manguera de Refrigerante del radiador para Ford LTD,Ford Fairmot, Ford Mustang, Ford Granada.', 'img/cart_img/enfriamiento24.jpg', 'enfriamiento', 50),
(130, 'Bomba de Agua Ford Escape.', '30', 'Bomba de agua para Ford Escape, Compatible con Ford EcoEsport, EcoBoost Turbo 2.0L 2013-2015', 'img/cart_img/enfriamiento25.jpg', 'enfriamiento', 10),
(131, 'Refrigerante AntiCongelante DexCool.', '25', 'ACdelco DEX-COOL 50/50 es un refrigerante universal de motor,que incorpora una tecnologia patentada por inhibidor de carboxilato.', 'img/cart_img/enfriamiento26.png', 'enfriamiento', 50),
(132, 'Carcasa Termostato Ford.', '5', 'carcasa del termostato para motores Ford.', 'img/cart_img/enfriamiento27.jpg', 'enfriamiento', 15),
(133, 'Toma de agua Ford Expedition.', '20', 'Toma de agua para Ford Expedition v8 5.4,compatible con ford F150', 'img/cart_img/enfriamiento28.jpg', 'enfriamiento', 10),
(134, 'Toma de agua Ford F-150.', '10', 'toma de agua para Ford F-150 5.0L 1987-1994.', 'img/cart_img/enfriamiento30.jpg', 'enfriamiento', 20),
(135, 'Termostato Ford F-350.', '40', 'Termostato para Ford F-350 Superduty 2000-2009 5.4L', 'img/cart_img/enfriamiento30.jpg', 'enfriamiento', 20),
(136, 'Termostato Ford Escape.', '20', 'Termostato para Ford Escape 2001-2012.', 'img/cart_img/enfriamiento31.jpg', 'enfriamiento', 20),
(137, 'Sensor Temperatura GM.', '30', 'Sensor de temperatura o Válvula de temperatura marca GM,compatible con Chevrotlet Aveo, Chevrolet Optra, Chevrolet Corsa.', 'img/cart_img/enfriamiento32.jpg', 'enfriamiento', 20),
(138, 'Colector de Agua GMC.', '20', 'Colector de agua GMC, compatible con modelos Chevy 1985-1987.', 'img/cart_img/enfriamiento33.jpg', 'enfriamiento', 10),
(139, 'Bomba de Agua para Silverado 2500.', '50', 'Bomba de agua GM para Silverado 2500 5.3L 2007-2009.', 'img/cart_img/enfriamiento34.jpg', 'enfriamiento', 5),
(140, 'Electro Ventilador para Orinocco.', '50', '', 'img/cart_img/enfriamiento35.jpg', 'enfriamiento', 20),
(141, 'Electroventilador Grand Vitara.', '40', '', 'img/cart_img/enfriamiento36.jpg', 'enfriamiento', 10),
(142, 'Sensor de Temperatra Spark.', '15', '', 'img/cart_img/enfriamiento41.jpg', 'enfriamiento', 20),
(143, 'Radiador Hyunday Tucson.', '60', '', 'img/cart_img/enfriamiento42.jpg', 'enfriamiento', 20),
(144, 'Bomba de Agua Honda.', '10', '', 'img/cart_img/enfriamiento43.jpg', 'enfriamiento', 20),
(145, 'Deposito de Agua Chevrolet.', '10', 'Deposito de Agua Universal GM.', 'img/cart_img/enfriamiento44.jpg', 'enfriamiento', 5),
(146, 'Supercargador Edelbrock.', '680', 'Supercargador de alto perfomace para vehiculos Muscle.', 'img/cart_img/enfriamiento45.jpg', 'enfriamiento', 5),
(147, 'Radiador Toyota Yaris.', '150', '', 'img/cart_img/enfriamiento45.jpg', 'enfriamiento', 10),
(148, 'Radiador Toyota Land Cruiser.', '200', '', 'img/cart_img/enfriamiento46.jpg', 'enfriamiento', 6),
(149, 'Kit de Enfriamiento Toyota.', '250', 'Kit de Enfriamiento que incluye: Radiador y 2 ElectroVentiladores de Serie', 'img/cart_img/enfriamiento47.jpg', 'enfriamiento', 5),
(150, 'Turbos Gemelos BMW.', '1200', 'Turbo Gemelos para vehiculos BMW. (Adaptables a otras marcas.)', 'img/cart_img/enfriamiento48.jpg', 'enfriamiento', 10),
(151, 'Refrigerante Anticongelante RADIOX.', '25', '', 'img/cart_img/enfriamiento49.jpg', 'enfriamiento', 30),
(152, 'Refrigerante Anticongelante FREEDOX.', '35', '', 'img/cart_img/enfriamiento50.png', 'enfriamiento', 20),
(153, 'Refrigerante Anticongelante ZEREX.', '25', '', 'img/cart_img/enfriamiento51.png', 'enfriamiento', 15),
(154, 'Termostato Neon.', '50', '', 'img/cart_img/enfriamiento52.jpg', 'enfriamiento', 10),
(155, 'Freno de Céramica Brembo GT', '100', '', 'img/cart_img/frenos1.jpg', 'frenos', 10),
(156, 'Frenos de Tambor.', '50', '', 'img/cart_img/frenos2.jpg', 'frenos', 50),
(157, 'Liquidos de Frenos RALOT.', '10', '', 'img/cart_img/frenos3.jpg', 'frenos', 30),
(158, 'Liquido de Frenos KraffT.', '15', 'Liquido de Frenos ABS/ESP DOT-4', 'img/cart_img/frenos4.jpg', 'frenos', 30),
(159, 'Liquido de Frenos MOTUL.', '15', '', 'img/cart_img/frenos5.jpg', 'frenos', 30),
(160, 'Frenos EBD Racing.', '120', 'frenos de competición marca EBC RACING.', 'img/cart_img/frenos6.jpg', 'frenos', 20),
(161, 'Frenos Baer.', '80', 'Frenos de Céramica marca Baer.', 'img/cart_img/frenos7.jpg', 'frenos', 20),
(162, 'Frenos Baer SS4 Series.', '90', '', 'img/cart_img/frenos8.jpg', 'frenos', 30),
(163, 'Kit frenos APR Brembo.', '200', '', 'img/cart_img/frenos9.jpg', 'frenos', 30),
(164, 'Liquido de Frenos BARDAHL.', '15', '', 'img/cart_img/frenos10.png', 'frenos', 50),
(165, 'Pastillas de Frenos TEXTAR.', '40', '', 'img/cart_img/frenos11.png', 'frenos', 50),
(166, 'Juego de Frenos ICER.', '80', '', 'img/cart_img/frenos12.jpg', 'frenos', 50),
(167, 'Disco de Frenos FREMAX', '10', '', 'img/cart_img/frenos13.jpg', 'frenos', 20),
(168, 'Disco de Frenos marca Bosch', '20', '', 'img/cart_img/frenos14.jpg', 'frenos', 29),
(169, 'Juego de Pastillas Bosch.', '40', '', 'img/cart_img/frenos15.jpg', 'frenos', 30),
(170, 'Kit Completo freno de disco LPR.', '50', 'Disco de freno completo LPR con todos sus accesorios.', 'img/cart_img/frenos16.jpg', 'frenos', 20),
(171, 'Set de Pastillas LPR.', '80', 'Set de 4 Pastillas de frenos marca LPR.', 'img/cart_img/frenos17.jpg', 'frenos', 15),
(172, 'Pastilla de Frenos marca Cobreq.', '15', '', 'img/cart_img/frenos18.jpg', 'frenos', 50),
(173, 'Kit Disco de Frenos MINTEX.', '50', 'Kit de Disco y Pastillas marca MINTEX', 'img/cart_img/frenos19.png', 'frenos', 20),
(174, 'Pastilla de Frenos marca MINTEX.', '25', '', 'img/cart_img/frenos20.jpg', 'frenos', 30),
(175, 'Pastillas de Frenos RAYBESTOS.', '23', '', 'img/cart_img/frenos21.jpg', 'frenos', 20),
(176, 'Disco de Frenos VALEO', '15', '', 'img/cart_img/frenos22.jpg', 'frenos', 25),
(177, 'Set de Pastillas VALEO.', '40', 'Set de 4 Pastillas marca VALEO.', 'img/cart_img/frenos23.png', 'frenos', 30),
(178, 'Pastillas de Frenos marca LUK.', '30', 'Pastillas de Cerámica marca LUK.', 'img/cart_img/frenos24.jpg', 'frenos', 20),
(179, 'Disco con Pernos marca Glaser.', '25', '', 'img/cart_img/frenos25.jpg', 'frenos', 15),
(180, 'Disco de Frenos CHAMPION', '10', '', 'img/cart_img/frenos26.png', 'frenos', 49),
(181, 'Pastillas de Frenos marca CHAMPION.', '20', '', 'img/cart_img/frenos27.png', 'frenos', 25),
(182, 'Liquido de Frenos CHAMPION.', '20', '', 'img/cart_img/frenos28.png', 'frenos', 50),
(183, 'Limpiador de Frenos CHAMPION.', '15', '', 'img/cart_img/frenos29.png', 'frenos', 50),
(184, 'Limpiador de frenos WD-40.', '20', '', 'img/cart_img/frenos30.jpg', 'frenos', 30),
(185, 'Limpiador de frenos SILKOLENE.', '18', '', 'img/cart_img/frenos31.jpg', 'frenos', 30),
(186, 'Freno WilWood Narrow.', '100', '', 'img/cart_img/frenos32.jpg', 'frenos', 50),
(187, 'Set de Pastillas TRW.', '80', 'Set de 4 Pastillas para frenos marca TRW.', 'img/cart_img/frenos33.jpg', 'frenos', 20),
(188, 'Disco de Frenos ATE.', '20', '', 'img/cart_img/frenos34.png', 'frenos', 30),
(189, 'Set de Discos BOLK.', '40', '2 Discos de Frenos marca BOLK.', 'img/cart_img/frenos35.jpg', 'frenos', 20),
(190, 'Set de Pastillas ROADHOUSE.', '50', 'Set de 2 Pastillas para frenos marca ROADHOUSE.', 'img/cart_img/frenos36.jpg', 'frenos', 10),
(191, 'Set de Pastillas FERODO.', '100', 'set de 4 Pastillas marca FERODO.', 'img/cart_img/frenos37.jpg', 'frenos', 10),
(192, 'Pastilla Genuine Ferodo.', '35', '', 'img/cart_img/frenos38.png', 'frenos', 20),
(193, 'Set Pastillas NECTO.', '100', '', 'img/cart_img/frenos39.jpg', 'frenos', 10),
(194, 'Liquido para Frenos NECTO.', '20', '', 'img/cart_img/frenos40.jpg', 'frenos', 50),
(195, 'Disco de Frenos RUVILLE.\r\n', '10', '', 'img/cart_img/frenos41.jpg', 'frenos', 20),
(196, 'Set Disco y Pastillas RUVILLE.', '60', 'Set de 2 discos para frenos RUVILLE con respectivas Pastillas', 'img/cart_img/frenos42.jpg', 'frenos', 20),
(197, 'Pastillas para Frenos RUVILLE.', '40', 'set de 2 pastillas para frenos RUVILLE.', 'img/cart_img/frenos43.jpg', 'frenos', 10),
(198, 'Set Completo de pastillas LUK.', '100', 'Set completo de 4 pastillas marca LUK.', 'img/cart_img/frenos44.jpg', 'frenos', 5),
(199, 'Pastillas De Céramica RUVILLE.', '25', 'Pastillas para Frenos de Cerámica RUVILLE.', 'img/cart_img/frenos45.jpg', 'frenos', 20),
(200, 'Zapatas para Frenos de Tambor RUVILLE.\r\n', '10', '', 'img/cart_img/frenos46.jpg', 'frenos', 30),
(201, 'Rin TSW Ascent.', '65', 'rin TSW Ascent R17.', 'img/cart_img/rines40.jpg', 'rines', 5),
(202, 'Rin VOLK TE37.', '30', 'Rin marca VOLK TE37 OG disponible en las medidas R14 - R16', 'img/cart_img/rines1.jpg', 'rines', 25),
(203, 'Rin VOLK RACING TE37SL', '35', 'Rin VOLK RACING TE37SL Disponible en las medidas R16 - R20', 'img/cart_img/rines3.jpg', 'rines', 20),
(204, 'Rin Lionhart LH3', '50', 'Rin Lionhart LH3 R18.', 'img/cart_img/rines4.jpg', 'rines', 25),
(205, 'Rin Lionhart RC1 Silver.', '60', 'Rin Lionhart RC1 Plateado R20.', 'img/cart_img/rines5.jpg', 'rines', 20),
(206, 'Rin ROTA SlipStream.', '40', 'Rin ROTA R14', 'img/cart_img/rines6.jpg', 'rines', 10),
(207, 'Rin ROTA P1R.', '45', 'Rin ROTA P1R R15.', 'img/cart_img/rines7.jpg', 'rines', 20),
(208, 'Rin Enkey GRC01RR.', '40', 'Rin Enkey GRC01RR R14.', 'img/cart_img/rines8.jpg', 'rines', 15),
(209, 'Rin Enkey TS5.', '50', 'Rin Enkei TS5 R17.', 'img/cart_img/rines9.jpg', 'rines', 20),
(210, 'Rin Enkei EV5.', '50', 'Ring Enkei EV5 R15.', 'img/cart_img/rines10.jpg', 'rines', 10),
(211, 'Rin MOMO Black.', '50', 'Rin MOMO BLACK R18', 'img/cart_img/rines11.png', 'rines', 20),
(212, 'Rin MOMO REVENGE.', '45', 'Rin MOMO REVENGE R14', 'img/cart_img/rines12.png', 'rines', 10),
(213, 'Rin MOMO STEALTH.', '35', 'rin MOMO STEALTH R15, Disponible tambien R15 - R19.', 'img/cart_img/rines13.jpg', 'rines', 20),
(214, 'Rin RacingHart Concept.', '40', 'Rin RacingHart Concept R15.', 'img/cart_img/rines14.jpg', 'rines', 20),
(215, 'Rin RacingHart Passenger Black.', '40', 'Rin Racinghart Passenger Black R15.', 'img/cart_img/rines15.jpg', 'rines', 9),
(216, 'Rin RacingHart Techno.', '40', 'Rin RacingHart Techno Silver R16.', 'img/cart_img/rines16.jpg', 'rines', 15),
(217, 'Rin RacinHart FerrisBlack.', '45', 'rin RacinHart FerrisBlack R16.', 'img/cart_img/rines17.jpg', 'rines', 10),
(218, 'TSW RIVAGE', '45', 'Rin TSW Rivage R17', 'img/cart_img/rines41.jpg', 'rines', 10),
(219, 'Rin RacinHart RatzinGer.', '40', 'Rin racinHart RatzinGer R17.', 'img/cart_img/rines18.jpg', 'rines', 15),
(220, 'Rin RacinHart Borb.', '50', 'Rin RacinHart Borb R19.', 'img/cart_img/rines19.jpg', 'rines', 10),
(221, 'Rin EQUIP Work R16.', '35', 'Rin Equipo Work R16.', 'img/cart_img/rines20.jpg', 'rines', 10),
(222, 'Rin EQUIP 03 GOLD.', '45', 'Ring Equip 03 GOLD R15.', 'img/cart_img/rines21.png', 'rines', 15),
(223, 'Rin EQUIP 03.', '30', 'Rin EQUIP 03 R13 - R14.', 'img/cart_img/rines22.jpg', 'rines', 20),
(224, 'Rin EQUIP 03 FrostBlue.', '40', 'Ring EQUP 03 FrostBlue R13 - R16.', 'img/cart_img/rines23.jpg', 'rines', 20),
(225, 'Ring Meister Work.', '40', 'Rin Meister Work R18.', 'img/cart_img/rines24.jpg', 'rines', 10),
(226, 'Rin Meister Work Black Silver.', '45', 'Ring Meister Work Black & Silver R15.', 'img/cart_img/rines25.png', 'rines', 15),
(227, 'Rin Meister M1 3p.', '40', 'Rin Meister M1 3p R14.', 'img/cart_img/rines26.png', 'rines', 10),
(228, 'Rin Varianza D3S', '50', 'Rin Varianza D3s R18.', 'img/cart_img/rines27.jpg', 'rines', 10),
(229, 'Rin Varianza T1S.', '48', 'Rin Varianza T1S R19x9.5.', 'img/cart_img/rines28.jpg', 'rines', 10),
(230, 'Rin Avant Garde M652.', '60', 'Ring Avant Gard M652 R15.', 'img/cart_img/rines29.jpg', 'rines', 15),
(231, 'Rin Vorsteiner VFF105.', '60', 'Rin Voorsteriner VFF105 R14 - R16.', 'img/cart_img/rines30.png', 'rines', 12),
(232, 'Rin Vorsteiner VFF 101.', '50', 'Rin Vorsteiner VFF 101 R14.', 'img/cart_img/rines31.png', 'rines', 10),
(233, 'Rin Vorsteriner VFF-107.', '45', 'Rin Vorsteiner VFF 107 R15.', 'img/cart_img/rines32.jpg', 'rines', 15),
(234, 'Rin Vorsteiner VFF 103.', '50', 'Rin Vorsteiner VFF 103 R16.', 'img/cart_img/rines33.jpg', 'rines', 20),
(235, 'Rin Brombacher WORK.', '35', 'Rin Brombacher WORK R17.', 'img/cart_img/rines34.png', 'rines', 10),
(236, 'Rin brombacher Reverse.', '30', 'rin Brombacher Reverse R13.', 'img/cart_img/rines35.jpg', 'rines', 20),
(237, 'Rin XSA 04C.', '40', 'Rin XSA 04C R14.', 'img/cart_img/rines36.jpg', 'rines', 15),
(238, 'Rin Avant Garde F539.', '60', 'Rin Avant Garde F539 R15.', 'img/cart_img/rines37.jpg', 'rines', 15),
(239, 'Rin Genius Newton', '50', 'Rin Genius Newton R15x5.3.', 'img/cart_img/rines38.jpg', 'rines', 20),
(240, 'Rin Genius Newton Royale.', '60', 'Rin Genius Newton Royale R16.', 'img/cart_img/rines39.jpg', 'rines', 20),
(241, 'Rin TSW ASCENT.', '60', 'Ring TSW Ascent R18.', 'img/cart_img/rines42.jpg', 'rines', 10),
(242, 'Rin TSW INTERLAGOS.', '50', 'Rin TSW INTERLAGOS R17.', 'img/cart_img/rines43.jpg', 'rines', 15),
(243, 'Rin VS XX.', '40', 'Ring VS XX R14.\r\n', 'img/cart_img/rines44.jpg', 'rines', 15),
(244, 'Rin EMOTION T7R 2P.', '45', 'Rin EMOTION T7R 2p R15.', 'img/cart_img/rines45.jpg', 'rines', 10),
(245, 'Rin MCO Racing TYPE CS.', '50', 'Rin MCO RACING TYPE CS R17.', 'img/cart_img/rines46.jpg', 'rines', 8),
(246, 'Rin KONIG BackBone.', '60', 'Ring KONIG BACKBONE R15.', 'img/cart_img/rines47.jpg', 'rines', 20),
(247, 'Transmision M30 GM.', '200', '', 'img/cart_img/transmision1.jpg', 'transmision', 5),
(248, 'Transmision 4x4 FORD AUDE.', '350', '', 'img/cart_img/transmision2.jpg', 'transmision', 5),
(249, 'Transmision Novak GM 6L80.', '350', '', 'img/cart_img/transmision3.jpg', 'transmision', 5),
(250, 'Transmision Chevrolet Perfomace.', '400', 'Transmision Chevrolet Perfomance SuperMatic 8L90-E 8 velociades automatico.', 'img/cart_img/transmision4.jpg', 'transmisiones', 5),
(251, 'Kit de PLato y Disco Toyota.', '50', 'Kit de plato y Disco de Embrague Toyota 4.5 marca Reick', 'img/cart_img/transmision5.jpg', 'transmision', 30),
(252, 'Disco de Embrague SACHS.', '20', 'Disco de Embrague Marca SACHS.', 'img/cart_img/transmision6.jpg', 'transmision', 40),
(253, 'Kit Clutch Suzuki Swift 1.4.', '200', '', 'img/cart_img/transmision7.jpg', 'transmision', 15),
(254, 'Aceite para Transmision Mercon', '15', 'Aceite para transmision Mercon Ford MotorCraft para Transmisiones Automaticas.', 'img/cart_img/transmision8.jpg', 'transmision', 50),
(255, 'Aceite para Transmision GULF.', '15', 'aceite para Transmision Automatica.', 'img/cart_img/transmision9.jpg', 'transmision', 50),
(256, 'Aceite para transmision CHEVRON.\r\n', '20', '', 'img/cart_img/transmision10.jpg', 'transmision', 50),
(257, 'Transmision Dodge Ram Pickup', '150', '', 'img/cart_img/transmision11.png', 'transmision', 5),
(258, 'Transmision Dodge Dakota.', '200', '', 'img/cart_img/transmision12.png', 'transmision', 5),
(259, 'Transmision Dodge Ram 1500.', '100', '', 'img/cart_img/transmision13.jpg', 'transmision', 10),
(260, 'Transmision Manual Toyota A750F.', '200', '', 'img/cart_img/transmision14.jpg', 'transmision', 5),
(261, 'Transmision Toyota Camry 2010.', '200', '', 'img/cart_img/transmision15.jpg', 'transmision', 5),
(262, 'Transmision toyota Sienna 2013.', '150', 'Transmision para Toyota Sienna 2013 v6 3.5L.', 'img/cart_img/transmision16.jpg', 'transmision', 5),
(263, 'Transmision Ford Taurus 2003.', '150', 'Transmision Automatica para Ford Tauros.', 'img/cart_img/transmision18.jpg', 'transmision', 6),
(264, 'Transmision Honda Civic.', '170', 'Transmision para Honda Civic LX,EX,SI,1.3,1.5,1.6.', 'img/cart_img/transmision17.jpg', 'transmision', 10),
(265, 'Transmision Peugeot.', '250', 'Transmision automatica Peugeot 206,207,307,408.', 'img/cart_img/transmision19.jpg', 'transmision', 5),
(266, 'Kit de Embrague Chevroter Spark.', '100', 'Kit de Embrague para Chevrolet Spark: PLato, Disco y Collarin.', 'img/cart_img/transmision20.jpg', 'transmision', 20),
(267, 'Kit Clutch Renault Fluence.', '80', 'Kit de Clutch para Renault Fluence 2.0 con Collarin.', 'img/cart_img/transmision21.jpg', 'transmision', 20),
(268, 'Kit Clutch Tsuru3.', '120', 'Kit de Clutch Completo con collarin para Tsuro3.', 'img/cart_img/transmision22.jpg', 'transmision', 10),
(269, 'Kit Clutch Nissan Tiida.', '100', 'Kit de Clutco para Nissan Tiida 2008 1.8L.', 'img/cart_img/transmision23.jpg', 'transmision', 10),
(270, 'Aceite para Transmision Valvoline.', '20', 'Aceite para transmision Valvoline ATF DEX/MERC.', 'img/cart_img/transmision24.jpg', 'transmision', 50),
(271, 'Aceite para Transmision Spirax.', '25', 'Aceite para Transmision Spirax s2 SHELL.', 'img/cart_img/transmision25.jpg', 'transmision', 50),
(272, 'Aceite para Transmision Kendall.', '23', 'Aceite para Transmision Kendall VErsatrans LV.', 'img/cart_img/transmision26.jpg', 'transmision', 50),
(273, 'Aceite para transmision Castrol.', '30', 'Aceite para Transmision Castrol Transmax.\r\n', 'img/cart_img/transmision27.jpg', 'transmision', 50),
(274, 'Medidor de Aceite para Transmision.', '10', '', 'img/cart_img/transmision28.jpg', 'transmision', 20),
(275, 'Engranajes Honda CBX.', '50', 'Engranajes de Transmision Honda CBX 650.', 'img/cart_img/transmision29.jpg', 'transmision', 5),
(276, 'Disco de Embrague MECARM.\r\n', '35', '', 'img/cart_img/transmision30.png', 'transmision', 20),
(277, 'Kit Clutch Ford Ecosport', '85', 'Kit Clutch ]EMbrague Ford Ecosport 2.0 4x2,compatible con Ford focus 2.0 EcoTec.\r\n\r\n', 'img/cart_img/transmision31.jpg', 'transmision', 20),
(278, 'Transmision GM 6L80.', '100', '', 'img/cart_img/transmision32.png', 'transmision', 5),
(279, 'Kit Clutch LUK.', '50', 'Kit de Clutch LUK para Renault.', 'img/cart_img/transmision33.jpg', 'transmision', 20),
(280, 'Kit Clutch Chevrolet Spark.', '50', 'Kit Clutch Embrague Chevrolet Spark GM.', 'img/cart_img/transmision34.jpg', 'transmision', 30),
(281, 'Kit Clutch Chevrolet Tracker.', '80', 'kit de clutch chevrolet tracker prensa y disco.', 'img/cart_img/transmision35.jpg', 'transmision', 20),
(282, 'Kit de Embrague AISIN.', '100', 'Kit de Embrague para Toyota Corolla.', 'img/cart_img/transmision36.jpg', 'transmision', 20),
(283, 'Kit de Embrague Toyota HILUX.', '150', 'kit de Embrague para Toyota Hilux 2.5,3.0.', 'img/cart_img/transmision37.jpg', 'transmision', 20),
(284, 'Kit de embrague Peugeot 405 1.8.', '125', '', 'img/cart_img/transmision47.jpg', 'transmision', 20),
(285, 'Kit Embrague Fiat Palio.', '100', 'Kit de Embrague para Fiat Palio,compatible con Fiat Sienna 1.3, Fiat UNO,Fiar Fiorino y Fiat Fire 1.4.', 'img/cart_img/transmision38.jpg', 'transmision', 35),
(286, 'Kit de Embrague Fiat Duna 1.7.', '80', '', 'img/cart_img/transmision39.jpg', 'transmision', 10),
(287, 'Kit Ford F-450 SuperDuty.\r\n', '250', 'Kit de placad e presion y disco del embrague de Ford F-450 SuperDuty.', 'img/cart_img/transmision40.jpg', 'transmision', 12),
(288, 'Kit de Embrague Nissan Tilda 1.6.', '60', '', 'img/cart_img/transmision41.jpg', 'transmision', 10),
(289, 'Kit Embrague Chevrolet cavalier.', '50', 'Kit de embrague con rodamiento hidaulico para Cavalier 2.0,2.4.', 'img/cart_img/transmision42.jpg', 'transmision', 15),
(290, 'Kit de Embrague EXEDY.', '150', 'Kit de Embrague EXEDY para chevrolet D-max.', 'img/cart_img/transmision43.jpg', 'transmision', 15),
(291, 'Transmision Chevrolet Optra Limited.', '200', '', 'img/cart_img/transmision44.jpg', 'transmision', 3),
(292, 'Aceite para Transmision Sincronica FC.\r\n', '20', 'Aceite para transmision sincronica 80w90', 'img/cart_img/transmision45.jpg', 'transmision', 50),
(293, 'Aceite para Transmision Dr!ve+.', '25', 'Aceite para Transmision 80w-90.\r\n', 'img/cart_img/transmision46.jpg', 'transmision', 50),
(294, 'Set de 4 Butacas Eparco.', '80', '', 'img/cart_img/interior1.jpg', 'interiores', 10),
(295, 'Set de 4 Butacas MOMO.', '90', 'Set de 4 Butacas marca MOMO PREMIUM SC018BR.', 'img/cart_img/interior2.png', 'interiores', 5),
(296, 'Butaca MKR.', '20', 'Butaca de cuero marca MKR.', 'img/cart_img/interior3.jpg', 'interiores', 20),
(297, 'Butaca para Peugeot 306 MKR.', '25', 'butaca para Peugeot 306L MKR de cuero.', 'img/cart_img/interior4.jpg', 'interiores', 20),
(298, 'Butaca MKR.', '23', 'Butaca MKR de cuero color blanco y negro.', 'img/cart_img/interior5.jpg', 'interiores', 20),
(299, 'Volante de Competición MOMO.', '224', 'Volante Reajustable e Intercambiable marca MOMO.', 'img/cart_img/interior6.png', 'interiores', 10),
(300, 'Volante Elegante B&L.', '320', 'Volante para Sedanes elegantes B&L.', 'img/cart_img/interior7.jpg', 'interiores', 10),
(301, 'Volant de Cuero Shining Wheat.', '300', 'Volante Luminoso cosido a a mano,Cuero negro.', 'img/cart_img/interior8.jpg', 'interiores', 10),
(302, 'Volante ZAYL para Hyundai KONA.\r\n', '350', '', 'img/cart_img/interior9.jpg', 'interiores', 15),
(303, 'Volante para Drift.', '250', '', 'img/cart_img/interior10.jpg', 'interiores', 25),
(304, 'Tacometro Hilux Kavak.', '150', 'Tacometro/Closter Hilux Kavak.', 'img/cart_img/interior11.jpg', 'interiores', 5),
(305, 'Cluster Ford Fiesta Move.', '150', 'Tacómetro o Cluster para Ford Fiesta Move.', 'img/cart_img/interior12.jpg', 'interiores', 5),
(306, 'Cluster Honda Civic 2003.', '100', 'Tacometro para Honda Civic 2003.', 'img/cart_img/interior13.jpg', 'interiores', 5),
(307, 'Set de 4 Butacas Reflex.', '100', 'SEt de 4 Butacas incluido gratis el Alfombrado marac Reflex.', 'img/cart_img/interior14.jpg', 'interiores', 10),
(308, 'Set de Butacas y Tapizado KR.', '250', 'Set de 4 Butacas y Tapizado Completo marca KR color blanco pastel,cuero.', 'img/cart_img/interior15.jpg', 'interiores', 5),
(309, 'Butacas para Toyota Yaris.', '40', '', 'img/cart_img/interior16.jpg', 'interiores', 5),
(310, 'Servicio de Auto-Lavado.', '10', 'Manten tu vehiculo limpio y reluciente con nosotros!, te ofrecemos un completo servicio de limpieza profunda para tu vehiculo.', 'img/cart_img/servicio1.jpg', 'servicios', 10),
(311, 'Limpieza de Inyectores.', '50', 'Te ofrecemos un servicio de limpieza de inyectores Optimo.', 'img/cart_img/servicio2.jpg', 'servicios', 10),
(312, 'Cambio de Aceite.', '25', 'Servicio de Cambio de aceite de la marca a preferencia.', 'img/cart_img/servicio3.jpg', 'servicios', 10),
(313, 'Cambio de Bujias', '50', 'Reemplaza todas las bujias desgastadas de tu vehiculo con nuestro servicio especial.', 'img/cart_img/servicio4.png', 'servicios', 10),
(314, 'Balanceo y alineación.', '25', 'Servicio de Balanceo y Alineación general de tu vehiculo.', 'img/cart_img/servicio5.jpg', 'servicios', 10),
(315, 'Limpieza Interna', '10', 'Manten el interior de tu vehiculo limpio con este servicio.', 'img/cart_img/servicios6.jpg', 'servicios', 10),
(316, 'Servicio de Frenos.', '20', 'Manten la calidad y la salud de tus frenos con este servicio.', 'img/cart_img/servicio6.jpg', 'servicios', 10),
(317, 'Mantenimiento de Transmision.', '25', '', 'img/cart_img/servicio8.jpg', 'servicios', 10),
(318, 'Servicio de Suspension.', '35', 'Servicio para el mantenimiento de Suspension.', 'img/cart_img/servicio9.jpg', 'servicios', 10),
(319, 'Mantenimiento de Iluminacion.', '20', 'Servicio de mantenimiento para las luces de tu vehiculo.', 'img/cart_img/servicio10.jpg', 'servicios', 0),
(320, 'Diagnostico General.', '50', 'Servicio de Scaner y Diagnostico generar electronico.', 'img/cart_img/servicio11.jpg', 'servicios', 10),
(321, 'Mantenimiento de Aire Acondicionado', '40', '', 'img/cart_img/servicio12.jpg', 'servicios', 10);

-- --------------------------------------------------------

--
-- Estructura de tabla para la tabla `tblusuarios`
--

CREATE TABLE `tblusuarios` (
  `id` int(11) NOT NULL,
  `nombre` varchar(1000) NOT NULL,
  `apellido` varchar(100) NOT NULL,
  `correo` varchar(100) NOT NULL,
  `usuario` varchar(2000) NOT NULL,
  `password` varchar(2500) NOT NULL,
  `Tipo_usuario` int(11) NOT NULL,
  `activacion` int(20) NOT NULL,
  `token` varchar(40) NOT NULL,
  `token_password` varchar(100) NOT NULL,
  `password_request` int(11) NOT NULL,
  `fecha_Registro` timestamp NOT NULL DEFAULT CURRENT_TIMESTAMP ON UPDATE CURRENT_TIMESTAMP
) ENGINE=InnoDB DEFAULT CHARSET=latin1;

--
-- Volcado de datos para la tabla `tblusuarios`
--

INSERT INTO `tblusuarios` (`id`, `nombre`, `apellido`, `correo`, `usuario`, `password`, `Tipo_usuario`, `activacion`, `token`, `token_password`, `password_request`, `fecha_Registro`) VALUES
(1, 'Diego', '', 'thediego9807@gmail.com', 'diego', '1234', 1, 1, '16a8765a47805dde06410d36f2c7ca01', '', 0, '2020-07-02 21:01:09'),
(2, 'jose', '', 'jose.rivasxd@gmail.com', 'jose', '1234', 2, 1, 'bed0c97f140684c068cf7379f084fb45', '', 0, '2020-06-27 16:10:22');

-- --------------------------------------------------------

--
-- Estructura de tabla para la tabla `tblventas`
--

CREATE TABLE `tblventas` (
  `ID` int(255) NOT NULL,
  `ClaveTransaccion` varchar(250) NOT NULL,
  `PaypalDatos` text NOT NULL,
  `Fecha` datetime NOT NULL,
  `Correo` varchar(5000) NOT NULL,
  `Total` decimal(60,2) NOT NULL,
  `status` varchar(200) NOT NULL
) ENGINE=InnoDB DEFAULT CHARSET=latin1;

--
-- Volcado de datos para la tabla `tblventas`
--

INSERT INTO `tblventas` (`ID`, `ClaveTransaccion`, `PaypalDatos`, `Fecha`, `Correo`, `Total`, `status`) VALUES
(1, '12345678910', '', '2020-01-26 00:00:00', '123@gmail.com', '700.00', 'pendiente'),
(2, '12345678910', '', '2020-01-26 00:00:00', '123@gmail.com', '700.00', 'pendiente'),
(3, 'l26pi7n68rmms4rj6gddfqlg7q', '', '2020-01-26 17:07:58', '1234@gmail.com', '852.00', 'pendiente'),
(4, 'l26pi7n68rmms4rj6gddfqlg7q', '', '2020-01-26 17:07:58', '1234@gmail.com', '852.00', 'pendiente'),
(5, 'l26pi7n68rmms4rj6gddfqlg7q', '', '2020-01-26 17:08:57', '1234@gmail.com', '852.00', 'pendiente'),
(6, 'l26pi7n68rmms4rj6gddfqlg7q', '', '2020-01-26 17:08:57', '1234@gmail.com', '852.00', 'pendiente'),
(7, 'l26pi7n68rmms4rj6gddfqlg7q', '', '2020-01-26 17:12:06', '123@hotmail.com', '852.00', 'pendiente'),
(8, 'l26pi7n68rmms4rj6gddfqlg7q', '', '2020-01-26 17:12:06', '123@hotmail.com', '852.00', 'pendiente'),
(9, '5ka3ukpm5vf2a5jen88ifgr2ms', '', '2020-01-26 17:15:09', '123@hotmail.com', '300.00', 'pendiente'),
(10, '5ka3ukpm5vf2a5jen88ifgr2ms', '', '2020-01-26 17:15:09', '123@hotmail.com', '300.00', 'pendiente'),
(11, '5ka3ukpm5vf2a5jen88ifgr2ms', '', '2020-01-26 17:18:02', '213@gmail.com', '729.00', 'pendiente'),
(12, '5ka3ukpm5vf2a5jen88ifgr2ms', '', '2020-01-26 17:39:22', '123@hotmail.com', '852.00', 'pendiente'),
(13, '5ka3ukpm5vf2a5jen88ifgr2ms', '', '2020-01-26 17:41:18', '213@gmail.com', '729.00', 'pendiente'),
(14, '5ka3ukpm5vf2a5jen88ifgr2ms', '', '2020-01-26 17:41:39', '213@gmail.com', '729.00', 'pendiente'),
(15, '5ka3ukpm5vf2a5jen88ifgr2ms', '', '2020-01-26 17:41:53', 'a@hotmail.com', '852.00', 'pendiente'),
(16, '98aq6ltu2d9fhh2fabje37tfml', '', '2020-01-26 17:42:47', '123@hotmail.com', '729.00', 'pendiente'),
(17, '98aq6ltu2d9fhh2fabje37tfml', '', '2020-01-26 17:43:31', '123@hotmail.com', '729.00', 'pendiente'),
(18, '98aq6ltu2d9fhh2fabje37tfml', '', '2020-01-26 17:44:31', '123@hotmail.com', '729.00', 'pendiente'),
(19, '98aq6ltu2d9fhh2fabje37tfml', '', '2020-01-26 17:44:55', '213@gmail.com', '852.00', 'pendiente'),
(20, '6vkn693e10j6v34qfv3lmgkj50', '', '2020-01-28 11:53:49', '123@hotmail.com', '300.00', 'pendiente'),
(21, '6vkn693e10j6v34qfv3lmgkj50', '', '2020-01-28 11:55:04', '123@hotmail.com', '300.00', 'pendiente'),
(22, '6vkn693e10j6v34qfv3lmgkj50', '', '2020-01-28 12:07:37', '123@hotmail.com', '300.00', 'pendiente'),
(23, '6vkn693e10j6v34qfv3lmgkj50', '', '2020-01-28 12:11:40', '123@hotmail.com', '300.00', 'pendiente'),
(24, '6vkn693e10j6v34qfv3lmgkj50', '', '2020-01-28 12:35:39', '123@hotmail.com', '300.00', 'pendiente'),
(25, '6vkn693e10j6v34qfv3lmgkj50', '', '2020-01-28 12:47:38', '123@hotmail.com', '300.00', 'pendiente'),
(26, '6vkn693e10j6v34qfv3lmgkj50', '', '2020-01-28 12:48:22', '123@hotmail.com', '300.00', 'pendiente'),
(27, '6vkn693e10j6v34qfv3lmgkj50', '', '2020-01-28 12:49:24', '123@hotmail.com', '300.00', 'pendiente'),
(28, '6vkn693e10j6v34qfv3lmgkj50', '', '2020-01-28 12:49:53', '123@hotmail.com', '300.00', 'pendiente'),
(29, '6vkn693e10j6v34qfv3lmgkj50', '', '2020-01-28 12:50:11', '123@hotmail.com', '300.00', 'pendiente'),
(30, '6vkn693e10j6v34qfv3lmgkj50', '', '2020-01-28 12:50:28', '123@hotmail.com', '300.00', 'pendiente'),
(31, '6vkn693e10j6v34qfv3lmgkj50', '', '2020-01-28 12:50:48', '123@hotmail.com', '300.00', 'pendiente'),
(32, '6vkn693e10j6v34qfv3lmgkj50', '', '2020-01-28 12:51:42', '123@hotmail.com', '300.00', 'pendiente'),
(33, '6vkn693e10j6v34qfv3lmgkj50', '', '2020-01-28 12:53:57', '123@hotmail.com', '300.00', 'pendiente'),
(34, '6vkn693e10j6v34qfv3lmgkj50', '', '2020-01-28 12:54:19', '123@hotmail.com', '300.00', 'pendiente'),
(35, '6vkn693e10j6v34qfv3lmgkj50', '', '2020-01-28 12:54:47', '123@hotmail.com', '300.00', 'pendiente'),
(36, '6vkn693e10j6v34qfv3lmgkj50', '', '2020-01-28 12:54:59', '123@hotmail.com', '300.00', 'pendiente'),
(37, '6vkn693e10j6v34qfv3lmgkj50', '', '2020-01-28 13:24:03', '123@hotmail.com', '300.00', 'pendiente'),
(38, '6vkn693e10j6v34qfv3lmgkj50', '', '2020-01-28 13:25:40', '123@hotmail.com', '300.00', 'pendiente'),
(39, '6vkn693e10j6v34qfv3lmgkj50', '', '2020-01-29 10:41:17', '123@hotmail.com', '300.00', 'pendiente'),
(40, '6vkn693e10j6v34qfv3lmgkj50', '', '2020-01-29 10:49:19', '123@hotmail.com', '300.00', 'pendiente'),
(41, '6vkn693e10j6v34qfv3lmgkj50', '', '2020-01-30 10:48:46', '123@hotmail.com', '300.00', 'pendiente'),
(42, '6vkn693e10j6v34qfv3lmgkj50', '', '2020-01-30 10:53:56', '123@hotmail.com', '300.00', 'pendiente'),
(43, '6vkn693e10j6v34qfv3lmgkj50', '', '2020-01-30 10:59:12', '213@gmail.com', '852.00', 'pendiente'),
(44, '6vkn693e10j6v34qfv3lmgkj50', '', '2020-01-30 11:10:59', '123@hotmail.com', '852.00', 'pendiente'),
(45, '6vkn693e10j6v34qfv3lmgkj50', '', '2020-01-30 11:19:02', '213@gmail.com', '852.00', 'pendiente'),
(46, '6vkn693e10j6v34qfv3lmgkj50', '', '2020-01-30 11:41:09', '213@gmail.com', '852.00', 'pendiente'),
(47, '6vkn693e10j6v34qfv3lmgkj50', '', '2020-01-30 16:49:17', 'a@hotmail.com', '852.00', 'pendiente'),
(48, '6vkn693e10j6v34qfv3lmgkj50', '', '2020-01-30 16:53:41', '123@hotmail.com', '852.00', 'pendiente'),
(49, 'nag4ti4uveg0c61o4jsuaha5lj', '', '2020-02-22 13:15:28', 'a@hotmail.com', '729.00', 'pendiente'),
(50, 'nag4ti4uveg0c61o4jsuaha5lj', '', '2020-02-22 13:17:10', 'a@hotmail.com', '729.00', 'pendiente'),
(51, '88tpcr0a9q3lqsjg2l99kqgmic', '', '2020-03-02 12:47:30', '123@hotmail.com', '852.00', 'pendiente'),
(52, '88tpcr0a9q3lqsjg2l99kqgmic', '', '2020-03-02 12:54:00', '123@hotmail.com', '852.00', 'pendiente'),
(53, '88tpcr0a9q3lqsjg2l99kqgmic', '', '2020-03-02 13:00:26', 'a@hotmail.com', '852.00', 'pendiente'),
(54, '88tpcr0a9q3lqsjg2l99kqgmic', '', '2020-03-02 13:01:41', 'a@hotmail.com', '852.00', 'pendiente'),
(55, '88tpcr0a9q3lqsjg2l99kqgmic', '', '2020-03-02 13:38:38', '123@hotmail.com', '852.00', 'pendiente'),
(56, '88tpcr0a9q3lqsjg2l99kqgmic', '', '2020-03-02 13:42:05', '123@hotmail.com', '852.00', 'pendiente'),
(57, '88tpcr0a9q3lqsjg2l99kqgmic', '', '2020-03-02 13:42:20', '123@hotmail.com', '852.00', 'pendiente'),
(58, '88tpcr0a9q3lqsjg2l99kqgmic', '', '2020-03-02 13:43:49', '123@hotmail.com', '852.00', 'pendiente'),
(59, 'd6sh8j4lmfudhmc722kjel30a5', '', '2020-03-03 13:46:34', '123@hotmail.com', '2879.00', 'pendiente'),
(60, 'd6sh8j4lmfudhmc722kjel30a5', '', '2020-03-03 13:48:24', '123@hotmail.com', '3029.00', 'pendiente'),
(61, 'd6sh8j4lmfudhmc722kjel30a5', '', '2020-03-03 13:50:57', '123@hotmail.com', '3029.00', 'pendiente'),
(62, 'mccpu4lsfjdgrr7oegsq9lafq0', '', '2020-03-14 16:56:06', 'a@hotmail.com', '729.00', 'pendiente'),
(63, 'nabj4qo9kqbkiqni7ms7mvh3vu', '', '2020-03-19 14:36:11', 'a@hotmail.com', '1000.00', 'pendiente'),
(64, 'a8tt0kj8ul1fbik8i554kka1ue', '', '2020-03-24 11:06:33', 'gabrielcandanozas@gmail.com', '1729.00', 'pendiente'),
(65, 'a8tt0kj8ul1fbik8i554kka1ue', '', '2020-03-24 11:16:27', 'gabrielcandanozas@gmail.com', '1729.00', 'pendiente'),
(66, 'bd6le3p1gd2ea19b9lk5cku6b2', '', '2020-04-24 19:36:43', '123@hotmail.com', '2029.00', 'Aprobado'),
(67, 'bd6le3p1gd2ea19b9lk5cku6b2', '', '2020-04-24 19:40:10', '123@hotmail.com', '2029.00', 'Aprobado'),
(68, 'bd6le3p1gd2ea19b9lk5cku6b2', '', '2020-04-24 19:43:09', '', '2109.00', 'Aprobado'),
(69, 'bd6le3p1gd2ea19b9lk5cku6b2', '', '2020-04-24 19:50:37', '', '2109.00', 'Aprobado'),
(70, 'bd6le3p1gd2ea19b9lk5cku6b2', '', '2020-04-24 19:51:02', '', '2109.00', 'Aprobado'),
(71, 'bd6le3p1gd2ea19b9lk5cku6b2', '', '2020-04-24 19:52:13', '', '2109.00', 'Aprobado'),
(72, 'bd6le3p1gd2ea19b9lk5cku6b2', '', '2020-04-24 19:52:47', '', '2109.00', 'Aprobado'),
(73, 'bd6le3p1gd2ea19b9lk5cku6b2', '', '2020-04-24 19:52:57', '', '2109.00', 'Aprobado'),
(74, 'bd6le3p1gd2ea19b9lk5cku6b2', '', '2020-04-24 19:53:18', '', '2109.00', 'Aprobado'),
(75, 'bd6le3p1gd2ea19b9lk5cku6b2', '', '2020-04-24 19:53:31', '', '2109.00', 'Aprobado'),
(76, 'bd6le3p1gd2ea19b9lk5cku6b2', '', '2020-04-24 19:53:45', '', '2109.00', 'Aprobado'),
(77, 'bd6le3p1gd2ea19b9lk5cku6b2', '', '2020-04-24 19:53:55', '', '2109.00', 'Aprobado'),
(78, 'bd6le3p1gd2ea19b9lk5cku6b2', '', '2020-04-24 19:54:24', '', '2109.00', 'Aprobado'),
(79, 'bd6le3p1gd2ea19b9lk5cku6b2', '', '2020-04-24 19:54:34', '', '2109.00', 'Aprobado'),
(80, 'bd6le3p1gd2ea19b9lk5cku6b2', '', '2020-04-24 20:07:45', '', '2109.00', 'Aprobado'),
(81, 'bd6le3p1gd2ea19b9lk5cku6b2', '', '2020-04-24 20:11:37', '', '2109.00', 'Aprobado'),
(82, 'bd6le3p1gd2ea19b9lk5cku6b2', '', '2020-04-24 20:14:33', '', '2109.00', 'Aprobado'),
(83, 'bd6le3p1gd2ea19b9lk5cku6b2', '', '2020-04-24 20:15:55', '', '2109.00', 'Aprobado'),
(84, 'bd6le3p1gd2ea19b9lk5cku6b2', '', '2020-04-24 20:16:23', '', '2109.00', 'Aprobado'),
(85, 'bd6le3p1gd2ea19b9lk5cku6b2', '', '2020-04-24 20:21:55', '', '2109.00', 'Aprobado'),
(86, 'bd6le3p1gd2ea19b9lk5cku6b2', '', '2020-04-24 20:25:02', '', '2109.00', 'Aprobado'),
(87, 'bd6le3p1gd2ea19b9lk5cku6b2', '', '2020-04-24 20:25:24', '', '2109.00', 'Aprobado'),
(88, 'bd6le3p1gd2ea19b9lk5cku6b2', '', '2020-04-24 20:27:35', '', '2109.00', 'Aprobado'),
(89, 'bd6le3p1gd2ea19b9lk5cku6b2', '', '2020-04-24 20:29:32', '', '2109.00', 'Aprobado'),
(90, 'bd6le3p1gd2ea19b9lk5cku6b2', '', '2020-04-24 20:31:54', '', '2109.00', 'Aprobado'),
(91, 'bd6le3p1gd2ea19b9lk5cku6b2', '', '2020-04-24 20:34:47', '', '2109.00', 'Aprobado'),
(92, 'bd6le3p1gd2ea19b9lk5cku6b2', '', '2020-04-24 20:36:24', '', '2109.00', 'Aprobado'),
(93, 'bd6le3p1gd2ea19b9lk5cku6b2', '', '2020-04-24 20:52:10', '', '2109.00', 'Aprobado'),
(94, 'btaf00k4bp9pi5fkgpj3as3rek', '', '2020-04-25 13:09:01', '', '300.00', 'Aprobado'),
(95, 'btaf00k4bp9pi5fkgpj3as3rek', '', '2020-04-25 13:49:32', '', '300.00', 'Aprobado'),
(96, 'btaf00k4bp9pi5fkgpj3as3rek', '', '2020-04-25 13:55:36', '', '300.00', 'Aprobado'),
(97, 'btaf00k4bp9pi5fkgpj3as3rek', '', '2020-04-25 13:58:51', '', '300.00', 'Aprobado'),
(98, 'btaf00k4bp9pi5fkgpj3as3rek', '', '2020-04-25 14:22:18', '', '300.00', 'Aprobado'),
(99, 'btaf00k4bp9pi5fkgpj3as3rek', '', '2020-04-25 14:46:40', '', '300.00', 'Aprobado'),
(100, 'btaf00k4bp9pi5fkgpj3as3rek', '', '2020-04-25 15:05:37', '', '300.00', 'Aprobado'),
(101, 'btaf00k4bp9pi5fkgpj3as3rek', '', '2020-04-25 15:37:26', '', '1529.00', 'Aprobado'),
(102, 'btaf00k4bp9pi5fkgpj3as3rek', '', '2020-04-25 15:38:36', '', '1529.00', 'Aprobado'),
(103, 'btaf00k4bp9pi5fkgpj3as3rek', '', '2020-04-25 15:41:03', '', '1529.00', 'Aprobado'),
(104, 'btaf00k4bp9pi5fkgpj3as3rek', '', '2020-04-25 15:46:41', '', '1529.00', 'Aprobado'),
(105, 'btaf00k4bp9pi5fkgpj3as3rek', '', '2020-04-25 15:55:19', '', '1529.00', 'Aprobado'),
(106, 'btaf00k4bp9pi5fkgpj3as3rek', '', '2020-04-25 15:58:06', '', '1529.00', 'Aprobado'),
(107, 'btaf00k4bp9pi5fkgpj3as3rek', '', '2020-04-25 16:34:27', '', '1829.00', 'Aprobado'),
(108, 'btaf00k4bp9pi5fkgpj3as3rek', '', '2020-04-25 16:40:58', '', '1829.00', 'Aprobado'),
(109, 'btaf00k4bp9pi5fkgpj3as3rek', '', '2020-04-25 16:41:09', '', '1829.00', 'Aprobado'),
(110, 'btaf00k4bp9pi5fkgpj3as3rek', '', '2020-04-25 16:53:54', '', '1829.00', 'Aprobado'),
(111, 'btaf00k4bp9pi5fkgpj3as3rek', '', '2020-04-25 16:57:35', '', '1829.00', 'Aprobado'),
(112, 'btaf00k4bp9pi5fkgpj3as3rek', '', '2020-04-25 16:58:13', '', '2179.00', 'Aprobado'),
(113, 'btaf00k4bp9pi5fkgpj3as3rek', '', '2020-04-25 17:06:28', '', '2179.00', 'Aprobado'),
(114, '84mlrdcqtk5efmteff5fkdsp8m', '', '2020-04-27 15:34:47', '', '1000.00', 'Aprobado'),
(115, 'fof1p2r7akb7g0m8ethoqanfdc', '', '2020-05-05 19:23:27', '', '1240.00', 'Aprobado'),
(116, 'fof1p2r7akb7g0m8ethoqanfdc', '', '2020-05-05 19:25:46', '', '230.00', 'Aprobado'),
(117, 'fof1p2r7akb7g0m8ethoqanfdc', '', '2020-05-05 19:28:22', '', '80.00', 'Aprobado'),
(118, 'fof1p2r7akb7g0m8ethoqanfdc', '', '2020-05-05 19:28:46', '', '150.00', 'Aprobado'),
(119, 'fof1p2r7akb7g0m8ethoqanfdc', '', '2020-05-05 19:33:56', '', '150.00', 'Aprobado'),
(120, 'fof1p2r7akb7g0m8ethoqanfdc', '', '2020-05-05 19:34:47', '', '150.00', 'Aprobado'),
(121, 'fof1p2r7akb7g0m8ethoqanfdc', '', '2020-05-05 20:00:20', '', '150.00', 'Aprobado'),
(122, 'fof1p2r7akb7g0m8ethoqanfdc', '', '2020-05-05 20:03:21', '', '150.00', 'Aprobado'),
(123, 'fof1p2r7akb7g0m8ethoqanfdc', '', '2020-05-05 20:03:58', '', '150.00', 'Aprobado'),
(124, 'fof1p2r7akb7g0m8ethoqanfdc', '', '2020-05-06 19:44:10', '', '150.00', 'Aprobado'),
(125, 'fof1p2r7akb7g0m8ethoqanfdc', '', '2020-05-06 19:45:03', '', '150.00', 'Aprobado'),
(126, 'fof1p2r7akb7g0m8ethoqanfdc', '', '2020-05-06 19:45:58', '', '150.00', 'Aprobado'),
(127, 'fof1p2r7akb7g0m8ethoqanfdc', '', '2020-05-06 19:46:15', '', '150.00', 'Aprobado'),
(128, 'fof1p2r7akb7g0m8ethoqanfdc', '', '2020-05-06 19:46:52', '', '150.00', 'Aprobado'),
(129, 'fof1p2r7akb7g0m8ethoqanfdc', '', '2020-05-08 11:54:45', '', '150.00', 'Aprobado'),
(130, 'fof1p2r7akb7g0m8ethoqanfdc', '', '2020-05-08 12:00:15', '', '150.00', 'Aprobado'),
(131, 'fof1p2r7akb7g0m8ethoqanfdc', '', '2020-05-08 12:04:57', '', '150.00', 'Aprobado'),
(132, 'fof1p2r7akb7g0m8ethoqanfdc', '', '2020-05-08 12:05:53', '', '300.00', 'Aprobado'),
(133, 'fof1p2r7akb7g0m8ethoqanfdc', '', '2020-05-08 12:19:43', '', '300.00', 'Aprobado'),
(134, 'e0hgmkoeqfcr4hpu8ugmceun0n', '', '2020-06-13 16:21:40', '', '20.00', 'Aprobado'),
(135, 'lttatnbu2737cbqrntc9d5ruvr', '', '2020-06-15 18:00:56', '', '150.00', 'Aprobado'),
(136, 'dejdoq3g2m0evn2tjdioc368mp', '', '2020-06-15 18:07:53', '', '10.00', 'Aprobado'),
(137, 'dejdoq3g2m0evn2tjdioc368mp', '', '2020-06-15 18:09:43', '', '10.00', 'Aprobado'),
(138, 'sdh2fnc9a8j35tfcj0013tilfp', '', '2020-06-21 17:08:48', '', '40.00', 'Aprobado'),
(139, 'g9s9kvretandemqv2u6ii08qds', '', '2020-06-23 14:21:43', '', '10.00', 'Aprobado'),
(140, 'g9s9kvretandemqv2u6ii08qds', '', '2020-06-23 15:41:25', '', '10.00', 'Aprobado'),
(141, 'g9s9kvretandemqv2u6ii08qds', '', '2020-06-23 16:23:30', '', '60.00', 'Aprobado'),
(142, 'g9s9kvretandemqv2u6ii08qds', '', '2020-06-23 17:27:01', '', '530.00', 'Aprobado'),
(143, 'g9s9kvretandemqv2u6ii08qds', '', '2020-06-23 17:27:24', '', '530.00', 'Aprobado'),
(144, 'sj5hk454tfmng0ptsmoso4q796', '', '2020-06-26 15:27:59', '', '350.00', 'Aprobado'),
(145, 'sj5hk454tfmng0ptsmoso4q796', '', '2020-06-26 15:28:55', '', '350.00', 'Aprobado'),
(146, 'sj5hk454tfmng0ptsmoso4q796', '', '2020-06-26 15:49:06', '', '350.00', 'Aprobado');

--
-- Índices para tablas volcadas
--

--
-- Indices de la tabla `tblcomentarios`
--
ALTER TABLE `tblcomentarios`
  ADD PRIMARY KEY (`id_comentario`);

--
-- Indices de la tabla `tbldetalleventa`
--
ALTER TABLE `tbldetalleventa`
  ADD PRIMARY KEY (`ID`),
  ADD KEY `IDVENTA` (`IDVENTA`),
  ADD KEY `IDPRODUCTO` (`IDPRODUCTO`);

--
-- Indices de la tabla `tblproductos`
--
ALTER TABLE `tblproductos`
  ADD PRIMARY KEY (`ID`);

--
-- Indices de la tabla `tblusuarios`
--
ALTER TABLE `tblusuarios`
  ADD PRIMARY KEY (`id`);

--
-- Indices de la tabla `tblventas`
--
ALTER TABLE `tblventas`
  ADD PRIMARY KEY (`ID`);

--
-- AUTO_INCREMENT de las tablas volcadas
--

--
-- AUTO_INCREMENT de la tabla `tblcomentarios`
--
ALTER TABLE `tblcomentarios`
  MODIFY `id_comentario` int(11) NOT NULL AUTO_INCREMENT, AUTO_INCREMENT=10;

--
-- AUTO_INCREMENT de la tabla `tbldetalleventa`
--
ALTER TABLE `tbldetalleventa`
  MODIFY `ID` int(255) NOT NULL AUTO_INCREMENT, AUTO_INCREMENT=418;

--
-- AUTO_INCREMENT de la tabla `tblproductos`
--
ALTER TABLE `tblproductos`
  MODIFY `ID` int(11) NOT NULL AUTO_INCREMENT, AUTO_INCREMENT=322;

--
-- AUTO_INCREMENT de la tabla `tblusuarios`
--
ALTER TABLE `tblusuarios`
  MODIFY `id` int(11) NOT NULL AUTO_INCREMENT, AUTO_INCREMENT=3;

--
-- AUTO_INCREMENT de la tabla `tblventas`
--
ALTER TABLE `tblventas`
  MODIFY `ID` int(255) NOT NULL AUTO_INCREMENT, AUTO_INCREMENT=147;

--
-- Restricciones para tablas volcadas
--

--
-- Filtros para la tabla `tbldetalleventa`
--
ALTER TABLE `tbldetalleventa`
  ADD CONSTRAINT `tbldetalleventa_ibfk_1` FOREIGN KEY (`IDVENTA`) REFERENCES `tblventas` (`ID`) ON DELETE CASCADE ON UPDATE CASCADE,
  ADD CONSTRAINT `tbldetalleventa_ibfk_2` FOREIGN KEY (`IDPRODUCTO`) REFERENCES `tblproductos` (`ID`) ON DELETE CASCADE ON UPDATE CASCADE;
COMMIT;

/*!40101 SET CHARACTER_SET_CLIENT=@OLD_CHARACTER_SET_CLIENT */;
/*!40101 SET CHARACTER_SET_RESULTS=@OLD_CHARACTER_SET_RESULTS */;
/*!40101 SET COLLATION_CONNECTION=@OLD_COLLATION_CONNECTION */;
